DateTime,Open,High,Low,Close,Volume
2010-01-04,25.17,25.24,25.072,25.24,2047251
2010-01-05,25.27,25.325,25.115,25.27,2335373
2010-01-06,25.4,25.73,25.3,25.72,2262856
2010-01-07,25.63,25.65,25.4,25.4,1604025
2010-01-08,25.34,25.48,25.2301,25.38,1565294
2010-01-11,25.57,25.59,25.2628,25.3,1493775
2010-01-12,25.0502,25.11,24.62,24.76,3256216
2010-01-13,24.63,24.81,24.33,24.78,3565105
2010-01-14,24.82,24.86,24.55,24.65,1622199
2010-01-15,24.59,24.61,24.3,24.37,1427126
2010-01-19,24.18,24.53,24.1,24.53,2316435
2010-01-20,24.21,24.22,23.94,24.07,1848427
2010-01-21,24.14,24.23,23.72,23.77,2452488
2010-01-22,23.63,23.71,23.36,23.52,3609594
2010-01-25,23.49,23.68,23.48,23.63,1718096
2010-01-26,23.27,23.55,23.25,23.37,1403060
2010-01-27,23.24,23.35,22.86,23.03,2082021
2010-01-28,23.07,23.11,22.75,22.95,1344878
2010-01-29,23.03,23.12,22.66,22.69,2810079
2010-02-01,22.83,23.24,22.75,23.24,2807513
2010-02-02,23.31,23.77,23.26,23.74,13788011
2010-02-03,23.65,23.77,23.43,23.45,4795495
2010-02-04,23.2,23.23,22.61,22.67,4453807
2010-02-05,22.6,22.6801,21.83,22.38,11514326
2010-02-08,22.38,22.57,22.25,22.39,1608035
2010-02-09,22.57,22.93,22.48,22.79,2047264
2010-02-10,23.06,23.06,22.52,22.88,1842221
2010-02-11,22.92,23.24,22.76,23.15,1727001
2010-02-12,22.9,23.02,22.72,23.02,1374289
2010-02-16,23.39,23.736,23.375,23.72,1398628
2010-02-17,23.7,23.74,23.48,23.6,1526741
2010-02-18,23.69,23.84,23.59,23.81,1311898
2010-02-19,23.67,24.0,23.6,23.95,1729157
2010-02-22,23.95,23.98,23.74,23.82,1796247
2010-02-23,23.61,23.67,23.39,23.43,1832914
2010-02-24,23.47,23.675,23.36,23.62,1581112
2010-02-25,23.15,23.27,23.01,23.22,1383688
2010-02-26,23.29,23.63,23.29,23.63,1536889
2010-03-01,23.73,23.79,23.28,23.39,2366394
2010-03-02,23.48,23.7863,23.46,23.64,1425786
2010-03-03,23.71,23.98,23.63,23.87,1971908
2010-03-04,23.77,23.8285,23.5638,23.66,1841240
2010-03-05,23.85,24.02,23.82,23.94,1383961
2010-03-08,24.04,24.04,23.752,23.91,1450781
2010-03-09,23.69,23.85,23.65,23.65,2064087
2010-03-10,23.65,23.99,23.5,23.72,1705324
2010-03-11,23.62,23.6899,23.53,23.66,1440770
2010-03-12,23.74,23.77,23.42,23.52,1669208
2010-03-15,23.38,23.39,23.11,23.24,1817509
2010-03-16,23.47,23.68,23.42,23.55,1549646
2010-03-17,23.71,23.879,23.58,23.76,2185538
2010-03-18,23.74,23.7783,23.61,23.71,1524841
2010-03-19,23.7,23.7,23.26,23.42,1576837
2010-03-22,23.07,23.46,22.99,23.42,3003846
2010-03-23,23.33,23.47,23.24,23.32,1647167
2010-03-24,23.05,23.16,22.98,23.06,1622677
2010-03-25,23.21,23.23,22.91,22.93,3071453
2010-03-26,23.06,23.11,22.88,22.97,1626597
2010-03-29,23.25,23.5699,23.24,23.49,2449489
2010-03-30,23.52,23.58,23.4,23.54,1091285
2010-03-31,23.64,23.7105,23.45,23.52,1193889
2010-04-01,23.79,24.01,23.74,23.98,1665860
2010-04-05,24.13,24.3799,24.13,24.36,1723459
2010-04-06,24.31,24.45,24.25,24.34,1609404
2010-04-07,24.33,24.45,24.1674,24.25,1542489
2010-04-08,24.11,24.23,24.05,24.21,1069799
2010-04-09,24.31,24.3877,24.15,24.26,987883
2010-04-12,24.41,24.53,24.21,24.24,1300033
2010-04-13,24.32,24.4,24.041,24.33,860149
2010-04-14,24.49,24.71,24.39,24.61,1454481
2010-04-15,24.66,24.72,24.57,24.7,2087147
2010-04-16,24.55,24.61,24.1,24.25,1506501
2010-04-19,24.07,24.07,23.75,23.94,2749424
2010-04-20,24.07,24.23,24.03,24.13,1977867
2010-04-21,24.22,24.368,24.0,24.25,1687350
2010-04-22,24.05,24.31,23.93,24.31,1618230
2010-04-23,24.16,24.5,24.1181,24.47,1137097
2010-04-26,24.52,24.568,24.3337,24.35,925696
2010-04-27,24.22,24.4,23.93,23.98,1517620
2010-04-28,24.03,24.14,23.88,24.06,1623908
2010-04-29,24.29,24.37,24.22,24.25,1316622
2010-04-30,24.4,24.49,24.23,24.44,2476375
2010-05-03,24.49,24.66,24.451,24.56,2355775
2010-05-04,24.28,24.32,23.8778,23.9,2435840
2010-05-05,23.18,23.58,23.11,23.36,7516882
2010-05-06,23.17,23.32,22.55,22.8999,3574312
2010-05-07,22.79,22.91,22.5,22.78,3752150
2010-05-10,23.28,23.3499,23.04,23.22,2334346
2010-05-11,23.02,23.28,23.02,23.18,1730342
2010-05-12,23.36,23.5,23.19,23.37,1831836
2010-05-13,23.31,23.41,23.17,23.17,1337558
2010-05-14,23.0,23.0,22.48,22.58,1702117
2010-05-17,22.42,22.5,21.87,21.94,2636081
2010-05-18,22.3,22.31,21.85,21.91,1979993
2010-05-19,21.71,21.79,21.41,21.71,4000821
2010-05-20,21.24,21.4386,21.02,21.26,3071855
2010-05-21,21.19,21.65,21.13,21.48,3529198
2010-05-24,21.51,21.6,21.41,21.46,2873203
2010-05-25,20.93,21.29,20.84,21.29,2565648
2010-05-26,21.43,21.68,21.43,21.52,1614175
2010-05-27,21.79,22.17,21.78,22.15,2069497
2010-05-28,22.06,22.17,21.75,21.96,2489247
2010-06-01,21.76,22.08,21.55,21.55,3618242
2010-06-02,21.64,21.86,21.54,21.81,1395706
2010-06-03,21.8,21.95,21.61,21.93,1162832
2010-06-04,21.68,21.69,21.2175,21.25,2423219
2010-06-07,21.2,21.469,21.171,21.29,1406026
2010-06-08,21.36,21.49,21.2743,21.46,3121487
2010-06-09,21.66,21.75,21.54,21.56,1569938
2010-06-10,21.8,21.99,21.74,21.92,1341038
2010-06-11,21.8,21.95,21.7,21.95,2333982
2010-06-14,22.13,22.2319,21.95,22.01,1647184
2010-06-15,22.16,22.43,22.09,22.38,1778552
2010-06-16,22.32,22.51,22.22,22.43,1320587
2010-06-17,22.57,22.58,22.36,22.44,1183058
2010-06-18,22.37,22.52,22.3,22.4,1929876
2010-06-21,22.74,22.77,22.24,22.31,1081082
2010-06-22,22.38,22.45,22.23,22.26,1540231
2010-06-23,22.16,22.16,21.85,21.89,1179432
2010-06-24,21.99,22.0301,21.83,21.94,1195910
2010-06-25,22.14,22.39,22.04,22.34,1452680
2010-06-28,22.25,22.2799,22.08,22.1,3621427
2010-06-29,21.7,21.71,21.44,21.49,1756375
2010-06-30,21.52,21.8,21.4681,21.57,5303445
2010-07-01,21.47,21.48,21.08,21.24,1622645
2010-07-02,21.32,21.37,21.1,21.2,1682504
2010-07-06,21.47,21.6,21.17,21.26,1372922
2010-07-07,21.36,21.74,21.36,21.74,1319565
2010-07-08,21.83,21.97,21.64,21.94,1514131
2010-07-09,21.9,22.03,21.82,21.98,1278136
2010-07-12,21.85,21.91,21.6463,21.73,702219
2010-07-13,22.04,22.13,22.0,22.08,1164322
2010-07-14,22.06,22.25,21.958,22.04,1135442
2010-07-15,22.19,22.25,21.8599,22.25,1078411
2010-07-16,22.08,22.1,21.85,21.97,865909
2010-07-19,22.03,22.22,21.83,21.95,1203199
2010-07-20,21.86,22.14,21.85,22.13,2829886
2010-07-21,22.36,22.36,22.03,22.07,1532161
2010-07-22,22.4,22.57,22.37,22.51,953077
2010-07-23,22.45,22.53,22.37,22.44,922262
2010-07-26,22.44,22.5,22.36,22.42,936157
2010-07-27,22.49,22.53,22.05,22.18,1219166
2010-07-28,22.24,22.34,22.11,22.27,1408141
2010-07-29,22.52,22.68,22.43,22.59,839658
2010-07-30,22.49,22.92,22.45,22.89,1062603
2010-08-02,23.33,23.48,23.3,23.33,1583306
2010-08-03,23.39,23.47,23.29,23.41,1362650
2010-08-04,23.56,23.69,23.47,23.61,2179575
2010-08-05,23.66,23.72,23.5,23.5,1210248
2010-08-06,23.39,23.59,23.15,23.29,1406379
2010-08-09,23.35,23.44,23.2774,23.37,670599
2010-08-10,22.97,23.22,22.9,23.12,2217876
2010-08-11,22.88,22.89,22.58,22.6,1301319
2010-08-12,22.49,22.66,22.39,22.43,11204042
2010-08-13,22.47,22.5,22.34,22.41,1819832
2010-08-16,22.4,22.48,22.31,22.34,957837
2010-08-17,22.57,22.76,22.54,22.66,1493506
2010-08-18,22.46,22.66,22.33,22.57,952249
2010-08-19,22.61,22.61,22.29,22.34,1005857
2010-08-20,22.21,22.24,22.11,22.2,1032359
2010-08-23,22.15,22.2877,22.0,22.05,873353
2010-08-24,21.82,21.91,21.75,21.8,2209811
2010-08-25,21.72,21.91,21.63,21.91,1158700
2010-08-26,22.1,22.28,22.08,22.16,1225096
2010-08-27,22.25,22.58,22.07,22.54,1141972
2010-08-30,22.54,22.65,22.49,22.5,890563
2010-08-31,22.52,22.6,22.17,22.2,1091487
2010-09-01,22.5,22.71,22.5,22.64,1217313
2010-09-02,22.58,22.84,22.545,22.8,1633821
2010-09-03,22.89,22.97,22.65,22.92,963605
2010-09-07,22.86,23.1799,22.77,23.04,988922
2010-09-08,23.07,23.2409,23.0699,23.09,951705
2010-09-09,23.15,23.1899,22.94,22.96,1149750
2010-09-10,22.99,23.2,22.97,23.2,1201617
2010-09-13,23.36,23.43,23.29,23.37,1315192
2010-09-14,23.31,23.57,23.31,23.44,1438464
2010-09-15,23.35,23.44,23.31,23.4,1277913
2010-09-16,23.44,23.49,23.18,23.28,844283
2010-09-17,23.45,23.49,23.2,23.36,1236221
2010-09-20,23.46,23.6925,23.46,23.55,1107430
2010-09-21,23.52,23.54,23.2907,23.3,1400230
2010-09-22,23.5,23.5399,23.31,23.44,1051904
2010-09-23,23.29,23.56,23.28,23.46,1070741
2010-09-24,23.59,23.86,23.59,23.82,1266221
2010-09-27,23.81,23.85,23.53,23.66,959818
2010-09-28,23.65,23.86,23.58,23.66,1621018
2010-09-29,23.55,23.99,23.48,23.97,1137552
2010-09-30,24.04,24.1225,23.779,24.11,2265868
2010-10-01,24.28,24.38,24.08,24.16,3049301
2010-10-04,24.14,24.1985,24.03,24.08,1412716
2010-10-05,24.29,24.58,24.25,24.57,2483149
2010-10-06,24.57,24.73,24.5201,24.58,7914991
2010-10-07,24.79,24.79,24.2701,24.33,2212775
2010-10-08,24.63,25.15,24.56,25.14,4032717
2010-10-11,25.11,25.26,25.0,25.02,1333391
2010-10-12,25.02,25.22,24.862,25.14,2043199
2010-10-13,25.29,25.4,25.23,25.26,1886543
2010-10-14,25.28,25.47,25.18,25.22,1565213
2010-10-15,25.24,25.28,24.89,24.94,1094027
2010-10-18,25.02,25.24,24.96,25.19,1174763
2010-10-19,24.68,24.87,24.42,24.45,1722296
2010-10-20,24.61,25.08,24.61,25.03,2076081
2010-10-21,25.08,25.179,24.62,24.72,1836533
2010-10-22,24.85,24.93,24.73,24.925,1074748
2010-10-25,25.19,25.2599,24.91,25.06,1365045
2010-10-26,24.98,25.21,24.97,25.19,1769253
2010-10-27,24.98,25.13,24.8,25.11,1376889
2010-10-28,25.3,25.32,25.13,25.24,1776265
2010-10-29,25.14,25.23,25.0168,25.18,1606025
2010-11-01,25.6299,25.635,25.29,25.34,1940140
2010-11-02,25.61,25.61,25.49,25.57,1919911
2010-11-03,25.62,25.75,25.35,25.69,2448178
2010-11-04,26.15,26.34,26.07,26.3,2715006
2010-11-05,26.27,26.41,26.17,26.41,2701189
2010-11-08,26.31,26.49,26.228,26.48,1792740
2010-11-09,26.73,26.92,26.26,26.3,3435740
2010-11-10,26.55,26.66,26.33,26.58,1735436
2010-11-11,26.58,26.58,26.3299,26.36,1847318
2010-11-12,25.92,25.98,25.23,25.26,1832918
2010-11-15,25.46,25.52,25.3,25.3,2162557
2010-11-16,25.06,25.07,24.51,24.55,3073350
2010-11-17,24.56,24.75,24.33,24.36,2566525
2010-11-18,24.9,25.02,24.7601,25.02,2002430
2010-11-19,24.78,24.84,24.58,24.66,3559363
2010-11-22,24.62,24.76,24.43,24.74,2719070
2010-11-23,24.48,24.735,24.37,24.675,1450165
2010-11-24,24.74,25.15,24.74,25.14,1642996
2010-11-26,24.97,25.26,24.95,25.26,659812
2010-11-29,25.2,25.33,25.0,25.31,1593938
2010-11-30,25.13,25.28,25.0311,25.07,1606068
2010-12-01,25.4999,25.83,25.4862,25.81,2078362
2010-12-02,25.77,26.05,25.77,26.03,2401350
2010-12-03,26.07,26.42,26.06,26.36,2571634
2010-12-06,26.31,26.3781,26.19,26.33,1868818
2010-12-07,26.7,26.72,26.13,26.15,1710856
2010-12-08,26.26,26.39,26.0331,26.35,1691291
2010-12-09,26.37,26.41,26.2,26.28,2534948
2010-12-10,26.29,26.29,26.05,26.24,1439710
2010-12-13,26.56,26.62,26.4135,26.5,1330856
2010-12-14,26.48,26.6,26.38,26.43,1226407
2010-12-15,26.31,26.5992,26.29,26.36,1304442
2010-12-16,26.39,26.39,26.2,26.27,1587042
2010-12-17,26.36,26.55,26.34,26.47,1321199
2010-12-20,26.61,26.78,26.43,26.71,2017386
2010-12-21,26.81,26.94,26.77,26.88,2422106
2010-12-22,26.93,27.048,26.8811,27.0175,1361893
2010-12-23,26.97,27.15,26.93,27.12,1367129
2010-12-27,27.04,27.14,26.96,27.07,1534520
2010-12-28,27.29,27.39,27.2,27.36,1147974
2010-12-29,27.36,27.4,27.32,27.37,1789003
2010-12-30,27.26,27.31,26.92,27.04,1612277
2010-12-31,27.15,27.67,27.1101,27.55,991088
2011-01-03,27.83,27.98,27.65,27.67,2385795
2011-01-04,27.69,27.71,27.06,27.3,3117743
2011-01-05,27.03,27.59,26.96,27.59,2801698
2011-01-06,27.6,27.61,27.178,27.22,2709664
2011-01-07,27.14,27.308,26.9,27.12,3047126
2011-01-10,27.34,27.46,27.2401,27.44,1532446
2011-01-11,27.65,27.79,27.53,27.745,1822772
2011-01-12,28.0,28.1,27.88,27.9275,6347027
2011-01-13,27.98,28.0,27.77,27.89,3014364
2011-01-14,27.86,28.08,27.79,28.0225,3428003
2011-01-18,27.88,28.12,27.85,27.99,1934527
2011-01-19,28.21,28.22,27.95,27.96,2346313
2011-01-20,27.63,27.79,27.42,27.68,3122027
2011-01-21,27.78,27.99,27.74,27.96,2637901
2011-01-24,27.89,27.9862,27.69,27.72,1923042
2011-01-25,27.37,27.4169,27.318,27.3675,2410433
2011-01-26,27.52,28.0,27.48,27.98,3200793
2011-01-27,27.99,28.03,27.73,27.74,2182142
2011-01-28,27.85,28.21,27.82,28.09,2040009
2011-01-31,28.15,28.68,28.13,28.53,3320667
2011-02-01,28.64,28.82,28.6,28.74,3191485
2011-02-02,28.87,29.05,28.79,29.02,2706761
2011-02-03,29.04,29.08,28.72,28.83,1995269
2011-02-04,28.91,28.928,28.5,28.67,1113559
2011-02-07,28.69,28.799,28.5,28.59,1358776
2011-02-08,28.51,28.78,28.43,28.78,1557566
2011-02-09,28.77,28.96,28.6804,28.92,2109213
2011-02-10,28.83,28.95,28.67,28.75,1175492
2011-02-11,28.73,28.75,28.5,28.65,1730427
2011-02-14,28.76,29.02,28.74,28.79,1804541
2011-02-15,28.71,28.77,28.27,28.42,3146486
2011-02-16,28.58,28.73,28.476,28.63,1806440
2011-02-17,28.7,28.75,28.58,28.72,1762663
2011-02-18,28.49,28.86,28.476,28.69,2589721
2011-02-22,29.15,29.15,28.63,28.65,2474811
2011-02-23,28.79,29.31,28.79,29.29,3441610
2011-02-24,29.42,29.49,28.89,29.03,3552636
2011-02-25,29.28,29.71,29.15,29.67,1799304
2011-02-28,29.67,29.81,29.565,29.72,2586198
2011-03-01,29.9,30.18,29.82,30.1675,3760806
2011-03-02,30.21,30.45,30.1,30.29,3743877
2011-03-03,30.2,30.34,30.04,30.28,2067102
2011-03-04,30.42,30.5,30.29,30.43,2162739
2011-03-07,30.64,30.67,30.25,30.29,2119995
2011-03-08,30.19,30.2,29.92,30.03,2212810
2011-03-09,30.23,30.345,29.99,30.15,1597194
2011-03-10,29.87,29.95,29.48,29.66,2338838
2011-03-11,29.24,29.57,29.22,29.49,1958196
2011-03-14,29.48,29.6,29.34,29.57,1498068
2011-03-15,28.54,28.81,28.21,28.49,3253245
2011-03-16,28.73,29.03,28.47,28.66,3500063
2011-03-17,29.12,29.65,29.0838,29.55,3160080
2011-03-18,29.62,29.8,29.51,29.72,2237960
2011-03-21,29.87,29.97,29.78,29.86,2375163
2011-03-22,29.77,30.13,29.71,30.08,2356302
2011-03-23,30.2,30.31,30.09,30.14,2180230
2011-03-24,30.13,30.31,30.08,30.24,1627081
2011-03-25,30.32,30.36,30.14,30.32,1887490
2011-03-28,30.0,30.18,29.91,29.91,1498602
2011-03-29,29.94,30.16,29.83,30.08,1674491
2011-03-30,30.07,30.12,29.85,30.04,1457128
2011-03-31,30.49,30.59,30.35,30.51,1834187
2011-04-01,30.56,30.78,30.41,30.72,3428803
2011-04-04,30.88,31.09,30.83,31.0,2009701
2011-04-05,31.02,31.18,30.991,31.03,1532998
2011-04-06,31.27,31.35,31.05,31.12,1310085
2011-04-07,31.18,31.26,30.98,31.18,1809601
2011-04-08,31.42,31.92,31.4,31.92,3221719
2011-04-11,31.78,31.83,31.33,31.33,2159201
2011-04-12,31.22,31.23,30.57,30.69,2988397
2011-04-13,31.0,31.11,30.63,30.93,1497023
2011-04-14,30.75,31.03,30.71,31.01,2180907
2011-04-15,31.0,31.27,30.89,31.17,1748574
2011-04-18,31.18,31.24,30.74,30.979,1981787
2011-04-19,30.85,31.17,30.75,30.99,1376009
2011-04-20,31.31,31.65,31.28,31.48,1919786
2011-04-21,31.79,31.79,31.44,31.71,1985893
2011-04-25,31.89,31.89,31.41,31.62,2158040
2011-04-26,31.63,31.71,31.51,31.61,2900125
2011-04-27,31.64,31.82,31.34,31.8,1804264
2011-04-28,31.73,31.89,31.41,31.57,2919875
2011-04-29,31.65,31.99,31.57,31.9,2054801
2011-05-02,31.73,32.02,31.58,31.58,2687378
2011-05-03,31.62,31.65,31.13,31.25,2573851
2011-05-04,31.14,31.1975,30.71,30.75,2818650
2011-05-05,30.04,30.1,28.525,28.69,8139785
2011-05-06,28.84,29.49,28.52,28.6,5644849
2011-05-09,29.03,29.7,28.93,29.65,4174264
2011-05-10,29.58,29.99,29.48,29.92,3447762
2011-05-11,29.66,29.67,28.7899,28.96,4203653
2011-05-12,28.65,29.23,28.43,28.99,6812916
2011-05-13,29.07,29.23,28.65,29.04,3035088
2011-05-16,28.98,29.19,28.6429,28.66,5914690
2011-05-17,28.57,28.755,28.2616,28.73,3874637
2011-05-18,28.99,29.539,28.9834,29.31,3242096
2011-05-19,29.37,29.43,29.03,29.08,2504465
2011-05-20,29.05,29.44,28.64,29.35,3463832
2011-05-23,28.61,29.03,28.61,28.88,2122919
2011-05-24,29.33,29.46,29.03,29.27,1651440
2011-05-25,29.37,29.86,29.3496,29.8,1955731
2011-05-26,29.84,29.9738,29.68,29.91,1947109
2011-05-27,30.0,30.1116,29.9643,30.08,1603538
2011-05-31,30.23,30.5,30.2,30.25,3431588
2011-06-01,30.26,30.27,29.84,29.87,3316767
2011-06-02,30.06,30.16,29.75,30.13,2448649
2011-06-03,29.89,30.26,29.81,30.245,1972106
2011-06-06,30.1,30.25,29.85,29.9,2928099
2011-06-07,30.05,30.34,29.92,30.18,3418187
2011-06-08,30.28,30.56,30.24,30.43,2443615
2011-06-09,30.55,30.6799,30.42,30.6,1746893
2011-06-10,30.36,30.42,30.13,30.28,2663217
2011-06-13,30.24,30.4,29.8599,30.08,1793898
2011-06-14,30.17,30.368,30.17,30.29,1501043
2011-06-15,30.07,30.19,29.28,29.48,2780149
2011-06-16,29.38,29.5,29.29,29.36,2566898
2011-06-17,29.2,29.38,29.04,29.23,3296901
2011-06-20,29.07,29.18,29.01,29.07,2269606
2011-06-21,29.14,29.29,28.95,29.09,2384893
2011-06-22,29.15,29.445,29.15,29.22,2407934
2011-06-23,28.51,28.65,28.17,28.6,3469366
2011-06-24,28.51,28.541,28.1,28.26,2449523
2011-06-27,28.06,28.2966,27.96,28.25,2262856
2011-06-28,28.47,28.76,28.44,28.75,2107998
2011-06-29,28.92,29.36,28.75,29.27,3084895
2011-06-30,29.28,29.47,28.85,28.96,2714300
2011-07-01,28.81,29.05,28.7,29.0,3497933
2011-07-05,29.26,29.52,29.23,29.39,1529062
2011-07-06,29.32,29.43,29.2,29.38,1631675
2011-07-07,29.79,30.07,29.79,30.0,4944690
2011-07-08,29.9,30.0282,29.73,29.97,1808276
2011-07-11,29.62,29.88,29.5,29.74,1790372
2011-07-12,29.63,30.1288,29.63,30.0,1452495
2011-07-13,30.1,30.61,30.1,30.41,2178824
2011-07-14,30.5,30.58,30.07,30.24,1572713
2011-07-15,30.38,30.56,30.33,30.51,4930443
2011-07-18,30.36,30.36,30.04,30.34,1398327
2011-07-19,30.65,30.77,30.51,30.55,1518810
2011-07-20,30.68,30.68,30.46,30.65,1288839
2011-07-21,30.69,30.81,30.42,30.5,1247096
2011-07-22,30.55,30.79,30.52,30.75,1437426
2011-07-25,30.54,30.7,30.52,30.6,2431245
2011-07-26,30.65,30.92,30.52,30.84,1289310
2011-07-27,30.78,30.83,30.59,30.63,2352017
2011-07-28,30.64,30.705,30.4611,30.53,1545608
2011-07-29,30.23,30.4,30.2,30.28,2994293
2011-08-01,30.72,30.73,29.96,30.28,3674322
2011-08-02,30.18,30.46,30.11,30.28,2368940
2011-08-03,30.1,30.14,29.74,29.83,3764271
2011-08-04,29.66,29.67,28.68,28.7,3271528
2011-08-05,28.82,28.95,28.32,28.82,6356365
2011-08-08,28.3,28.43,27.67,27.75,6396485
2011-08-09,28.07,28.218,27.48,28.02,7987735
2011-08-10,28.08,28.37,27.89,28.14,3560844
2011-08-11,28.31,28.83,28.3,28.75,4045018
2011-08-12,28.81,28.9,28.6208,28.71,4533137
2011-08-15,28.83,29.08,28.78,29.06,1285826
2011-08-16,28.87,29.14,28.808,29.06,2271565
2011-08-17,29.35,29.47,29.26,29.31,2382719
2011-08-18,28.95,29.06,28.53,28.59,2723526
2011-08-19,28.71,29.17,28.71,29.1,3525445
2011-08-22,29.09,29.23,28.94,29.15,1576503
2011-08-23,29.16,29.47,29.03,29.45,1825443
2011-08-24,29.35,29.43,29.08,29.15,1226539
2011-08-25,29.28,29.41,28.9505,29.28,1326245
2011-08-26,29.22,29.65,29.06,29.605,1568371
2011-08-29,29.85,29.85,29.63,29.705,1316756
2011-08-30,29.81,30.13,29.7518,30.11,2290265
2011-08-31,30.1,30.258,30.05,30.16,2556263
2011-09-01,30.09,30.21,29.94,29.95,2680097
2011-09-02,29.64,29.943,29.56,29.79,1547746
2011-09-06,29.32,29.7,29.29,29.69,2387425
2011-09-07,29.75,30.03,29.71,29.96,4563794
2011-09-08,29.89,30.02,29.75,29.76,1059231
2011-09-09,29.39,29.422,29.19,29.29,2150257
2011-09-12,29.06,29.3,28.9772,29.22,3913958
2011-09-13,29.17,29.26,29.02,29.13,1228962
2011-09-14,29.03,29.07,28.83,28.99,1337245
2011-09-15,29.31,29.35,29.04,29.11,1135749
2011-09-16,29.23,29.315,28.93,28.98,1680588
2011-09-19,28.67,28.67,28.2,28.49,3830202
2011-09-20,28.55,28.78,28.44,28.44,1722015
2011-09-21,28.52,28.72,28.02,28.02,1769360
2011-09-22,27.21,27.44,26.91,27.03,9572911
2011-09-23,26.75,26.945,26.42,26.55,6197739
2011-09-26,26.39,26.67,26.1,26.64,4538709
2011-09-27,27.14,27.37,27.06,27.09,3735540
2011-09-28,27.04,27.1101,26.34,26.36,7995853
2011-09-29,26.76,26.87,26.5,26.67,2909397
2011-09-30,26.09,26.22,25.67,25.75,4845964
2011-10-03,25.31,25.97,25.25,25.62,10603278
2011-10-04,25.45,25.66,25.19,25.57,3455914
2011-10-05,25.65,26.0,25.52,25.93,3202270
2011-10-06,25.99,26.51,25.9,26.47,1003832
2011-10-07,26.48,26.56,26.13,26.35,2768093
2011-10-10,26.71,27.01,26.71,26.94,1416039
2011-10-11,26.65,27.27,26.6,27.14,1250647
2011-10-12,27.25,27.4371,27.15,27.19,1366940
2011-10-13,27.04,27.28,26.9,27.25,1679434
2011-10-14,27.73,27.89,27.62,27.87,1135904
2011-10-17,27.47,27.69,27.4,27.47,1249112
2011-10-18,27.24,27.76,27.0757,27.62,1782176
2011-10-19,27.55,27.7368,27.0,27.08,1673057
2011-10-20,26.95,27.21,26.58,27.04,1171039
2011-10-21,27.42,27.55,27.12,27.18,1327480
2011-10-24,27.39,27.67,27.39,27.61,1745520
2011-10-25,27.61,27.82,27.38,27.7,2603015
2011-10-26,27.83,27.87,27.43,27.54,1075206
2011-10-27,28.095,28.45,28.01,28.27,3793846
2011-10-28,28.0,28.255,27.99,28.15,3722693
2011-10-31,27.71,27.89,27.56,27.72,3209341
2011-11-01,27.04,27.62,26.92,27.39,4349733
2011-11-02,27.73,27.895,27.445,27.56,1600338
2011-11-03,27.82,27.9601,27.56,27.897,981760
2011-11-04,27.95,28.02,27.76,27.99,1267567
2011-11-07,28.23,28.42,28.12,28.4,1066451
2011-11-08,28.42,28.55,28.31,28.54,1335691
2011-11-09,28.14,28.338,27.8599,27.91,1283339
2011-11-10,28.04,28.05,27.7468,27.88,1880177
2011-11-11,27.93,28.15,27.93,28.15,826419
2011-11-14,28.01,28.031,27.8,27.85,700323
2011-11-15,27.98,28.1,27.85,28.05,759740
2011-11-16,27.94,28.2,27.92,27.98,1248276
2011-11-17,27.8,27.84,27.29,27.33,2092430
2011-11-18,27.4,27.5,27.13,27.29,6225318
2011-11-21,27.12,27.139,26.781,27.09,1181445
2011-11-22,27.15,27.36,27.06,27.27,2228215
2011-11-23,27.01,27.01,26.78,26.86,1752221
2011-11-25,26.73,26.95,26.6,26.64,514625
2011-11-28,27.12,27.17,26.86,26.97,1063743
2011-11-29,27.13,27.38,27.1,27.32,1410292
2011-11-30,27.65,27.84,27.6,27.64,1913636
2011-12-01,27.56,27.7768,27.3801,27.535,1844006
2011-12-02,27.73,27.82,27.6,27.78,1308550
2011-12-05,27.92,27.9599,27.54,27.63,1503768
2011-12-06,27.59,27.86,27.5,27.78,1075503
2011-12-07,27.74,27.75,27.41,27.54,1494133
2011-12-08,27.42,27.49,27.13,27.19,2211435
2011-12-09,27.15,27.35,27.1415,27.29,1114236
2011-12-12,26.98,27.0,26.82,26.94,1277747
2011-12-13,26.95,27.37,26.91,27.05,1615264
2011-12-14,26.53,26.63,26.01,26.09,1851473
2011-12-15,26.29,26.33,25.92,25.96,1639492
2011-12-16,26.06,26.2,25.95,26.17,2818398
2011-12-19,26.17,26.1987,25.96,26.05,1679734
2011-12-20,26.51,26.71,26.49,26.65,1846520
2011-12-21,26.63,26.88,26.55,26.84,1802017
2011-12-22,26.89,27.01,26.83,26.87,4658290
2011-12-23,26.92,27.02,26.89,27.0,2872683
2011-12-27,26.94,27.19,26.9,27.12,2493690
2011-12-28,27.07,27.07,26.71,26.8,1930153
2011-12-29,26.81,26.9,26.64,26.88,1941221
2011-12-30,26.77,26.96,26.74,26.84,2047455
2012-01-03,27.35,27.68,27.35,27.64,5940471
2012-01-04,27.61,27.9,27.61,27.85,2438923
2012-01-05,27.7094,27.72,27.43,27.47,1212412
2012-01-06,27.59,27.69,27.38,27.59,17707174
2012-01-09,27.62,27.71,27.465,27.62,2432538
2012-01-10,27.88,27.92,27.78,27.82,2119924
2012-01-11,27.77,27.8,27.56,27.74,2079418
2012-01-12,27.66,27.92,26.69,27.35,1740638
2012-01-13,27.25,27.35,27.12,27.29,3156711
2012-01-17,27.46,27.58,27.3926,27.48,1910418
2012-01-18,27.49,27.5501,27.35,27.49,1544089
2012-01-19,27.58,27.61,27.41,27.61,2834326
2012-01-20,27.43,27.46,27.24,27.41,1907129
2012-01-23,27.48,27.75,27.48,27.73,1767845
2012-01-24,27.5305,27.78,27.53,27.78,2428019
2012-01-25,27.67,28.03,27.59,28.01,1913174
2012-01-26,28.21,28.26,28.03,28.09,2136356
2012-01-27,27.96,28.19,27.96,28.19,1828698
2012-01-30,28.0,28.058,27.82,27.9,3085557
2012-01-31,28.05,28.19,27.743,27.83,1912586
2012-02-01,27.94,28.06,27.8701,27.92,1570310
2012-02-02,27.89,28.02,27.74,27.99,2079166
2012-02-03,28.18,28.33,28.04,28.32,1774759
2012-02-06,28.31,28.5,28.24,28.46,1680023
2012-02-07,28.42,28.61,28.34,28.44,2370313
2012-02-08,28.58,28.65,28.3599,28.57,1152742
2012-02-09,28.73,28.81,28.63,28.72,1484823
2012-02-10,28.42,28.5,28.3,28.45,1870040
2012-02-13,28.58,28.67,28.4,28.52,2124653
2012-02-14,28.51,28.58,28.42,28.51,1376322
2012-02-15,28.61,28.655,28.49,28.61,1929315
2012-02-16,28.52,28.76,28.48,28.74,1657602
2012-02-17,28.76,28.77,28.6001,28.69,1572430
2012-02-21,28.96,29.24,28.951,29.14,2446857
2012-02-22,29.16,29.4366,29.12,29.41,3163511
2012-02-23,29.4,29.53,29.26,29.5,1543940
2012-02-24,29.48,29.74,29.47,29.68,4989855
2012-02-27,29.59,29.71,29.44,29.44,4821860
2012-02-28,29.56,29.63,29.354,29.43,2902149
2012-02-29,29.5,29.58,28.97,29.32,4067820
2012-03-01,29.4,29.931,29.2772,29.78,5274918
2012-03-02,29.57,29.57,29.314,29.48,2213695
2012-03-05,29.36,29.428,29.2,29.34,1368875
2012-03-06,28.94,28.981,28.8,28.86,2083383
2012-03-07,28.85,29.05,28.75,28.99,1476820
2012-03-08,29.13,29.28,29.1,29.23,2202245
2012-03-09,29.14,29.434,29.09,29.31,1409868
2012-03-12,29.07,29.29,29.03,29.27,717034
2012-03-13,29.22,29.48,29.19,29.4,1347842
2012-03-14,29.31,29.4399,29.14,29.2,1200746
2012-03-15,29.2,29.33,29.0,29.22,1339551
2012-03-16,29.34,29.58,29.31,29.58,1433389
2012-03-19,29.56,29.6,29.45,29.53,1386326
2012-03-20,29.26,29.26,29.07,29.17,1577147
2012-03-21,29.17,29.26,29.08,29.1,951676
2012-03-22,28.8,28.89,28.7315,28.87,1641483
2012-03-23,28.97,29.39,28.97,29.15,1664149
2012-03-26,29.31,29.37,29.21,29.28,1555517
2012-03-27,29.29,29.35,29.13,29.16,1251323
2012-03-28,28.93,28.97,28.78,28.88,6060471
2012-03-29,28.82,28.88,28.35,28.48,4891153
2012-03-30,28.69,28.89,28.61,28.8,2630665
2012-04-02,28.6,29.21,28.59,29.17,1752636
2012-04-03,29.2,29.21,28.95,29.04,1325005
2012-04-04,28.79,28.85,28.52,28.59,2054892
2012-04-05,28.51,28.72,28.48,28.7,896969
2012-04-09,28.46,28.62,28.352,28.57,1578098
2012-04-10,28.53,28.56,28.15,28.19,1543816
2012-04-11,28.23,28.38,28.16,28.26,2472544
2012-04-12,28.33,28.64,28.31,28.63,908580
2012-04-13,28.5,28.52,28.3,28.34,2228022
2012-04-16,28.23,28.244,27.98,28.06,1860866
2012-04-17,28.18,28.2185,28.1,28.19,1754228
2012-04-18,28.03,28.05,27.84,27.92,1801423
2012-04-19,28.04,28.1085,27.87,27.93,1837761
2012-04-20,28.12,28.2,27.99,28.04,1647914
2012-04-23,27.78,28.01,27.73,27.99,1026871
2012-04-24,28.09,28.1157,27.94,27.99,736802
2012-04-25,28.13,28.17,27.92,28.15,886193
2012-04-26,28.2,28.34,28.2,28.21,851532
2012-04-27,28.26,28.33,28.2025,28.3,750422
2012-04-30,28.23,28.44,28.19,28.41,1377427
2012-05-01,28.32,28.5,28.29,28.41,1495425
2012-05-02,28.28,28.32,28.01,28.04,1311263
2012-05-03,27.92,27.98,27.68,27.73,1623924
2012-05-04,27.45,27.4599,27.04,27.24,1968315
2012-05-07,26.99,27.21,26.931,27.18,5352346
2012-05-08,27.01,27.077,26.72,27.077,3472279
2012-05-09,26.76,26.9393,26.7,26.87,3238718
2012-05-10,26.95,26.99,26.855,26.88,1631223
2012-05-11,26.72,26.91,26.67,26.68,1518823
2012-05-14,26.41,26.475,26.31,26.33,5751689
2012-05-15,26.48,26.59,26.37,26.38,8431770
2012-05-16,26.36,26.56,26.31,26.35,1589197
2012-05-17,26.43,26.48,26.271,26.29,1222017
2012-05-18,26.37,26.5,26.25,26.27,2698543
2012-05-21,26.38,26.62,26.37,26.62,851876
2012-05-22,26.45,26.55,26.1701,26.24,1387209
2012-05-23,26.02,26.02,25.75,25.95,2929004
2012-05-24,26.1,26.1,25.825,25.96,6059927
2012-05-25,26.0,26.08,25.99,26.05,1126154
2012-05-29,26.18,26.25,25.8693,25.94,1472881
2012-05-30,25.6,25.6,25.4,25.46,1629876
2012-05-31,25.47,25.47,25.18,25.24,2427107
2012-06-01,24.89,24.96,24.59,24.72,3989636
2012-06-04,24.7,24.89,24.63,24.86,4474253
2012-06-05,24.79,24.888,24.73,24.77,2128922
2012-06-06,25.08,25.32,25.05,25.23,4778353
2012-06-07,25.54,25.55,25.04,25.06,2158243
2012-06-08,24.86,25.14,24.78,25.14,1569589
2012-06-11,25.15,25.169,24.65,24.68,4247624
2012-06-12,24.89,24.9,24.73,24.8001,2263778
2012-06-13,24.65,24.85,24.56,24.61,1510801
2012-06-14,24.66,24.95,24.59,24.9,2601115
2012-06-15,24.86,24.98,24.82,24.86,1627129
2012-06-18,24.68,24.95,24.63,24.88,1065753
2012-06-19,25.09,25.16,25.03,25.09,1738179
2012-06-20,24.99,24.99,24.66,24.68,6226280
2012-06-21,24.59,24.6138,24.1145,24.15,1815078
2012-06-22,24.29,24.41,24.26,24.39,2906258
2012-06-25,24.4,24.64,24.34,24.64,1377557
2012-06-26,24.7,24.85,24.565,24.81,1480334
2012-06-27,24.97,25.08,24.87,24.95,1140475
2012-06-28,24.83,24.89,24.5,24.68,997696
2012-06-29,25.31,25.865,25.23,25.75,12446539
2012-07-02,25.66,25.71,25.422,25.7,3837423
2012-07-03,26.25,26.42,26.22,26.42,1382177
2012-07-05,26.37,26.56,26.32,26.52,3286301
2012-07-06,26.13,26.1499,25.901,25.91,1221823
2012-07-09,26.19,26.5187,26.18,26.37,1016291
2012-07-10,26.29,26.3,25.99,26.03,1004619
2012-07-11,26.26,26.37,26.08,26.32,1200662
2012-07-12,26.09,26.44,26.0,26.38,868396
2012-07-13,26.53,26.74,26.53,26.7,970417
2012-07-16,26.9,27.0845,26.8001,27.03,1104066
2012-07-17,27.13,27.17,26.87,27.06,3381955
2012-07-18,27.05,27.33,27.02,27.3,1446755
2012-07-19,27.6,27.77,27.55,27.63,2532089
2012-07-20,27.56,27.6501,27.46,27.63,2023441
2012-07-23,26.99,27.21,26.9,27.05,1538093
2012-07-24,26.95,26.99,26.66,26.89,3085929
2012-07-25,27.04,27.2,26.83,27.09,1176548
2012-07-26,27.32,27.36,27.0501,27.14,2906668
2012-07-27,27.29,27.44,27.23,27.42,925609
2012-07-30,27.53,27.65,27.53,27.58,5830123
2012-07-31,27.6,27.61,27.25,27.25,2325381
2012-08-01,27.33,27.3799,27.1,27.29,1254023
2012-08-02,27.02,27.1789,26.98,27.06,1708160
2012-08-03,27.36,27.655,27.36,27.52,2597402
2012-08-06,27.45,27.72,27.42,27.68,2365868
2012-08-07,27.8,27.99,27.78,27.89,1255387
2012-08-08,27.92,28.06,27.87,27.97,2025106
2012-08-09,28.03,28.27,28.03,28.2,1634433
2012-08-10,27.97,28.11,27.92,28.05,2352162
2012-08-13,27.98,28.03,27.79,27.83,1402395
2012-08-14,27.91,27.945,27.79,27.86,1152168
2012-08-15,27.89,28.16,27.88,28.1,1643053
2012-08-16,28.16,28.315,28.07,28.21,1953667
2012-08-17,28.27,28.29,28.11,28.25,1392875
2012-08-20,28.28,28.39,28.12,28.38,1535572
2012-08-21,28.67,28.79,28.62,28.64,1497424
2012-08-22,28.65,28.82,28.61,28.79,1709644
2012-08-23,28.92,28.955,28.58,28.65,1347992
2012-08-24,28.75,28.77,28.47,28.52,3640304
2012-08-27,28.48,28.5,28.35,28.39,1913974
2012-08-28,28.39,28.45,28.3001,28.41,1247764
2012-08-29,28.44,28.47,28.34,28.46,967388
2012-08-30,28.52,28.53,28.34,28.49,1634286
2012-08-31,28.61,28.84,28.43,28.79,8719388
2012-09-04,29.02,29.07,28.74,28.8,7801769
2012-09-05,28.78,28.79,28.59,28.66,3260932
2012-09-06,28.76,28.94,28.64,28.65,3166485
2012-09-07,28.79,29.02,28.66,28.97,2027124
2012-09-10,29.0,29.14,28.96,29.01,2223693
2012-09-11,29.13,29.15,29.04,29.07,1769781
2012-09-12,29.13,29.23,29.07,29.22,1264722
2012-09-13,29.36,29.46,29.06,29.42,2082430
2012-09-14,29.71,29.8555,29.6701,29.73,3026787
2012-09-17,29.54,29.56,28.75,28.91,3610846
2012-09-18,28.96,29.025,28.64,28.7,3701414
2012-09-19,28.6,28.62,28.19,28.28,4359767
2012-09-20,28.26,28.44,28.2,28.44,1676456
2012-09-21,28.57,28.67,28.51,28.63,2142398
2012-09-24,28.3,28.36,28.2,28.33,1786643
2012-09-25,28.54,28.59,28.33,28.36,1354356
2012-09-26,28.18,28.2,27.95,28.16,1892342
2012-09-27,28.39,28.54,28.31,28.51,1759289
2012-09-28,28.61,28.78,28.55,28.68,5470512
2012-10-01,28.85,28.9487,28.59,28.72,6121989
2012-10-02,28.68,28.7,28.56,28.57,1393119
2012-10-03,28.3,28.7,28.06,28.08,2233934
2012-10-04,28.41,28.739,28.32,28.69,1253635
2012-10-05,28.65,28.65,28.39,28.54,1006501
2012-10-08,28.42,28.51,28.37,28.46,1075719
2012-10-09,28.56,28.778,28.55,28.67,1360336
2012-10-10,28.67,28.82,28.56,28.62,2340935
2012-10-11,28.86,29.0,28.76,28.95,975673
2012-10-12,28.71,28.76,28.47,28.55,1238321
2012-10-15,28.37,28.43,28.18,28.41,1350167
2012-10-16,28.42,28.49,28.34,28.43,1157624
2012-10-17,28.46,28.51,28.33,28.44,1258171
2012-10-18,28.25,28.48,28.21,28.43,1930478
2012-10-19,28.48,28.5,28.0,28.0023,1623432
2012-10-22,28.09,28.13,27.8,27.87,1300955
2012-10-23,27.53,27.55,27.34,27.53,1933389
2012-10-24,27.52,27.5699,27.3201,27.45,1403932
2012-10-25,27.62,27.65,27.3801,27.52,1268643
2012-10-26,27.52,27.63,27.46,27.58,1361458
2012-10-31,27.62,27.8,27.51,27.56,6853860
2012-11-01,27.66,27.75,27.61,27.61,3706762
2012-11-02,27.58,27.6,27.12,27.14,1252150
2012-11-05,27.13,27.39,27.08,27.37,2096778
2012-11-06,27.55,27.9299,27.5,27.8618,1424935
2012-11-07,27.61,27.6399,27.28,27.34,1465445
2012-11-08,27.37,27.4635,27.25,27.38,1124640
2012-11-09,27.33,27.66,27.31,27.6,2791154
2012-11-12,27.59,27.6859,27.43,27.47,1250983
2012-11-13,27.32,27.53,27.3101,27.42,1524436
2012-11-14,27.51,27.72,27.475,27.5,1166578
2012-11-15,27.63,27.67,27.33,27.39,1680864
2012-11-16,27.45,27.5278,27.3,27.51,1450895
2012-11-19,27.85,28.0801,27.85,28.03,2080381
2012-11-20,27.91,27.9899,27.671,27.84,1147903
2012-11-21,27.89,27.96,27.74,27.96,1259337
2012-11-23,27.88,28.12,27.88,28.06,828655
2012-11-26,28.0,28.04,27.94,28.02,2169333
2012-11-27,28.01,28.08,27.88,27.98,1531638
2012-11-28,27.62,27.91,27.62,27.89,1738551
2012-11-29,28.12,28.17,28.01,28.08,1092253
2012-11-30,28.1,28.19,28.0377,28.1,2625908
2012-12-03,28.36,28.38,28.13,28.17,2527476
2012-12-04,27.94,28.0,27.86,27.92,1844836
2012-12-05,27.94,27.985,27.7677,27.89,1091681
2012-12-06,27.71,27.76,27.57,27.64,1621901
2012-12-07,27.65,27.7,27.52,27.61,2812572
2012-12-10,27.63,27.65,27.49,27.5497,1194229
2012-12-11,27.54,27.56,27.41,27.5,1943510
2012-12-12,27.68,27.75,27.52,27.63,2672374
2012-12-13,27.44,27.4925,27.3,27.38,1420833
2012-12-14,27.43,27.59,27.42,27.55,1641812
2012-12-17,27.53,27.6,27.5,27.53,1235641
2012-12-18,27.54,27.67,27.505,27.6,1583353
2012-12-19,27.64,27.75,27.6,27.7,1644520
2012-12-20,27.51,27.6456,27.5,27.57,1829378
2012-12-21,27.48,27.558,27.43,27.52,1932656
2012-12-24,27.42,27.45,27.35,27.43,1091831
2012-12-26,27.71,27.81,27.62,27.71,1077810
2012-12-27,27.67,27.75,27.5931,27.71,1973428
2012-12-28,27.67,27.72,27.55,27.63,1542300
2012-12-31,27.53,27.81,27.51,27.78,4334850
2013-01-02,28.11,28.12,27.845,27.88,3008888
2013-01-03,27.75,27.79,27.63,27.65,2478742
2013-01-04,27.53,27.59,27.35,27.53,3216934
2013-01-07,27.45,27.59,27.42,27.58,1727728
2013-01-08,27.64,27.66,27.53,27.65,1681846
2013-01-09,27.65,27.67,27.5,27.61,1681189
2013-01-10,27.8,27.82,27.71,27.71,1740571
2013-01-11,27.57,27.615,27.41,27.59,1492173
2013-01-14,27.7,27.78,27.5601,27.77,1996536
2013-01-15,27.76,27.76,27.61,27.65,3970212
2013-01-16,27.63,27.72,27.58,27.68,3361254
2013-01-17,27.78,27.89,27.74,27.8,1419026
2013-01-18,27.88,28.02,27.78,27.98,1631592
2013-01-22,28.09,28.14,27.98,28.06,2017896
2013-01-23,28.04,28.14,28.02,28.09,1704042
2013-01-24,28.0,28.15,28.0,28.07,1554999
2013-01-25,28.05,28.09,27.94,28.01,1470210
2013-01-28,28.05,28.0599,27.88,28.0,1456827
2013-01-29,28.05,28.2,28.01,28.16,1536431
2013-01-30,28.34,28.49,28.32,28.48,2555197
2013-01-31,28.36,28.5,28.31,28.47,2636071
2013-02-01,28.56,28.73,28.53,28.58,2975823
2013-02-04,28.5,28.62,28.4329,28.48,1753695
2013-02-05,28.61,28.63,28.5405,28.59,1421564
2013-02-06,28.42,28.58,28.39,28.55,2511345
2013-02-07,28.53,28.57,28.3699,28.44,2184542
2013-02-08,28.61,28.68,28.52,28.55,1562406
2013-02-11,28.37,28.48,28.32,28.45,1981371
2013-02-12,28.48,28.5,28.4,28.5,2520801
2013-02-13,28.53,28.57,28.4555,28.51,1531904
2013-02-14,28.47,28.515,28.39,28.47,1387901
2013-02-15,28.26,28.35,28.17,28.35,2420924
2013-02-19,28.22,28.26,28.1,28.24,2252506
2013-02-20,28.2,28.21,27.85,27.92,3037475
2013-02-21,27.63,27.7,27.55,27.6,2358256
2013-02-22,27.63,27.66,27.53,27.6,1897848
2013-02-25,27.75,27.78,27.47,27.47,3079175
2013-02-26,27.5,27.55,27.38,27.42,2745013
2013-02-27,27.39,27.47,27.21,27.25,2564220
2013-02-28,27.22,27.31,27.1,27.13,5327643
2013-03-01,26.88,26.9685,26.82,26.94,2641114
2013-03-04,26.9,26.93,26.73,26.84,2030972
2013-03-05,26.99,27.1,26.94,27.09,3225390
2013-03-06,26.99,27.01,26.85,26.94,1621801
2013-03-07,26.98,27.12,26.97,27.12,1534590
2013-03-08,27.04,27.215,27.02,27.2,2572177
2013-03-11,27.15,27.26,27.06,27.22,6676347
2013-03-12,27.39,27.43,27.21,27.28,3456152
2013-03-13,27.35,27.37,27.08,27.14,3079905
2013-03-14,27.2,27.34,27.17,27.34,1860450
2013-03-15,27.42,27.46,27.36,27.4,1869235
2013-03-18,27.13,27.3,27.1,27.24,1485420
2013-03-19,27.22,27.29,27.01,27.04,1687086
2013-03-20,27.17,27.29,27.05,27.23,2177152
2013-03-21,27.19,27.26,27.045,27.11,1375775
2013-03-22,27.16,27.2199,27.0445,27.16,1133892
2013-03-25,27.28,27.38,27.13,27.18,2102902
2013-03-26,27.31,27.43,27.24,27.43,1416682
2013-03-27,27.39,27.58,27.35,27.57,2456657
2013-03-28,27.43,27.5,27.2301,27.31,1560126
2013-04-01,27.19,27.4,27.16,27.31,1980624
2013-04-02,27.22,27.249,27.12,27.18,3237634
2013-04-03,27.15,27.19,26.68,26.72,2111871
2013-04-04,26.58,26.745,26.523,26.69,1327022
2013-04-05,26.62,26.67,26.5201,26.67,1205204
2013-04-08,26.75,26.76,26.5877,26.75,1179225
2013-04-09,26.74,26.97,26.67,26.92,1302721
2013-04-10,26.92,26.96,26.81,26.86,1260757
2013-04-11,26.8,26.87,26.67,26.75,1748711
2013-04-12,26.5,26.6,26.28,26.42,2923838
2013-04-15,25.99,26.0,25.62,25.63,3652557
2013-04-16,25.79,25.91,25.64,25.9,4928816
2013-04-17,25.68,25.71,25.49,25.52,1478886
2013-04-18,25.62,25.81,25.49,25.79,2616508
2013-04-19,25.73,25.79,25.66,25.73,1957872
2013-04-22,25.76,25.83,25.575,25.81,1996498
2013-04-23,25.66,25.74,25.59,25.65,2553500
2013-04-24,25.82,25.95,25.77,25.93,1714354
2013-04-25,25.99,26.319,25.97,26.27,2094287
2013-04-26,26.18,26.22,25.9801,26.12,2222825
2013-04-29,26.24,26.511,26.21,26.47,1130965
2013-04-30,26.46,26.46,26.235,26.27,1900539
2013-05-01,25.81,25.9,25.7,25.8,1693861
2013-05-02,25.91,26.175,25.8042,26.13,1538784
2013-05-03,26.37,26.52,26.31,26.42,1188237
2013-05-06,26.35,26.51,26.27,26.45,7015066
2013-05-07,26.41,26.479,26.28,26.36,1380239
2013-05-08,26.44,26.539,26.37,26.48,1423336
2013-05-09,26.39,26.58,26.37,26.47,1137835
2013-05-10,26.2,26.37,26.02,26.35,1402363
2013-05-13,26.23,26.35,26.17,26.23,1379967
2013-05-14,26.13,26.23,26.085,26.14,2765741
2013-05-15,25.94,26.1,25.77,26.08,3652117
2013-05-16,26.03,26.16,25.98,26.05,1531965
2013-05-17,26.2,26.24,26.07,26.18,1141430
2013-05-20,26.16,26.38,26.16,26.35,1530303
2013-05-21,26.28,26.33,26.14,26.2,1199876
2013-05-22,26.2,26.36,26.03,26.08,1302639
2013-05-23,25.87,26.2,25.84,26.2,2251723
2013-05-24,26.03,26.15,25.97,26.1,1968060
2013-05-28,26.45,26.46,26.32,26.34,2486811
2013-05-29,26.35,26.36,26.11,26.17,1150307
2013-05-30,26.05,26.235,26.02,26.17,1874217
2013-05-31,26.02,26.09,25.86,25.86,5156036
2013-06-03,26.12,26.26,26.08,26.18,2813729
2013-06-04,26.08,26.3,26.0,26.28,1526033
2013-06-05,26.3,26.38,26.15,26.16,2641466
2013-06-06,26.14,26.27,26.14,26.26,3320870
2013-06-07,26.11,26.4,26.08,26.32,1316848
2013-06-10,26.2147,26.25,26.16,26.22,1086373
2013-06-11,25.91,26.03,25.89,25.99,1148699
2013-06-12,26.11,26.14,26.0101,26.02,3855195
2013-06-13,25.99,26.22,25.96,26.19,2189542
2013-06-14,26.32,26.36,26.26,26.3,1542799
2013-06-17,26.31,26.4,26.3,26.36,2642777
2013-06-18,26.36,26.43,26.28,26.41,2653124
2013-06-19,26.46,26.6,26.425,26.45,1080108
2013-06-20,25.9,25.92,25.56,25.59,3419458
2013-06-21,25.62,25.65,25.35,25.43,3324287
2013-06-24,25.2,25.42,25.16,25.32,2212709
2013-06-25,25.49,25.49,25.31,25.34,3226017
2013-06-26,25.33,25.35,25.144,25.27,3087085
2013-06-27,25.37,25.39,25.25,25.26,1181971
2013-06-28,25.3,25.3751,25.09,25.13,2842383
2013-07-01,25.34,25.5,25.21,25.29,1322923
2013-07-02,25.4,25.47,25.33,25.39,1615796
2013-07-03,25.6,25.66,25.55,25.62,1383250
2013-07-05,25.53,25.59,25.43,25.56,2626960
2013-07-08,25.63,25.77,25.618,25.69,3575346
2013-07-09,25.82,25.87,25.715,25.85,1077535
2013-07-10,26.01,26.03,25.91,25.93,3148838
2013-07-11,26.1,26.14,25.93,26.06,1427148
2013-07-12,26.16,26.172,26.09,26.16,4106217
2013-07-15,26.05,26.12,26.01,26.09,1477534
2013-07-16,26.17,26.24,26.12,26.12,1308317
2013-07-17,26.16,26.17,26.07,26.1,944189
2013-07-18,26.12,26.22,26.1,26.21,1176263
2013-07-19,26.27,26.28,26.0695,26.23,1327368
2013-07-22,26.27,26.295,26.16,26.21,1807550
2013-07-23,26.24,26.28,26.21,26.25,1237665
2013-07-24,26.16,26.248,25.98,26.04,1428968
2013-07-25,25.98,26.03,25.84,26.01,1215067
2013-07-26,25.9,25.91,25.74,25.85,833508
2013-07-29,25.81,25.86,25.74,25.84,882227
2013-07-30,25.78,25.8,25.67,25.75,1729160
2013-07-31,25.61,25.97,25.57,25.93,1257708
2013-08-01,26.05,26.06,25.95,25.99,1856253
2013-08-02,25.96,26.01,25.88,25.89,1218184
2013-08-05,25.69,25.81,25.67,25.76,1031818
2013-08-06,25.69,25.69,25.5,25.55,1781352
2013-08-07,25.47,25.51,25.35,25.38,1298147
2013-08-08,25.41,25.53,25.3,25.51,1150175
2013-08-09,25.59,25.73,25.58,25.69,1063717
2013-08-12,25.81,26.02,25.76,26.0,887778
2013-08-13,26.04,26.05,25.96,25.99,917792
2013-08-14,25.99,26.2,25.98,26.2,1693218
2013-08-15,26.26,26.46,26.16,26.45,1724217
2013-08-16,26.46,26.49,26.34,26.46,1708413
2013-08-19,26.51,26.58,26.4,26.43,2371914
2013-08-20,26.31,26.531,26.3,26.38,1334773
2013-08-21,26.41,26.43,26.33,26.35,1423721
2013-08-22,26.36,26.41,26.3,26.36,1673050
2013-08-23,26.43,26.62,26.39,26.57,1386792
2013-08-26,26.71,26.78,26.621,26.72,1190999
2013-08-27,26.99,27.06,26.92,26.98,1880307
2013-08-28,27.02,27.11,26.982,27.02,2376747
2013-08-29,26.98,27.02,26.73,26.74,1251761
2013-08-30,26.73,26.79,26.55,26.66,5229612
2013-09-03,26.81,26.865,26.705,26.8,5447194
2013-09-04,26.55,26.59,26.49,26.57,12295709
2013-09-05,26.59,26.595,26.42,26.51,1297413
2013-09-06,26.67,26.75,26.6145,26.66,2600510
2013-09-09,26.6,26.69,26.46,26.49,2148873
2013-09-10,26.21,26.29,26.17,26.25,1288828
2013-09-11,26.31,26.33,26.185,26.29,1521404
2013-09-12,26.25,26.45,26.22,26.42,2274340
2013-09-13,26.28,26.36,26.18,26.34,1148649
2013-09-16,26.12,26.2,26.01,26.01,1446448
2013-09-17,26.01,26.03,25.71,25.74,3673345
2013-09-18,25.84,26.33,25.81,26.3,1473745
2013-09-19,26.38,26.41,26.16,26.2,3197966
2013-09-20,26.09,26.18,25.936,25.96,1424621
2013-09-23,25.85,25.89,25.75,25.77,3697085
2013-09-24,25.69,25.82,25.61,25.76,3354782
2013-09-25,25.9,25.97,25.79,25.8,2383265
2013-09-26,25.91,26.03,25.885,26.0,1226019
2013-09-27,25.96,26.09,25.87,25.87,1619749
2013-09-30,25.82,25.89,25.72,25.76,17407352
2013-10-01,25.58,25.63,25.43,25.59,6430284
2013-10-02,25.68,25.9,25.63,25.84,2193111
2013-10-03,26.02,26.02,25.8,25.8,1212535
2013-10-04,25.96,25.96,25.8,25.88,1224467
2013-10-07,25.83,26.09,25.75,26.06,1691804
2013-10-08,26.21,26.27,26.13,26.15,1774354
2013-10-09,26.0,26.05,25.87,25.96,2811531
2013-10-10,26.09,26.33,26.06,26.29,1180628
2013-10-11,26.04,26.17,26.011,26.15,1076896
2013-10-14,26.09,26.23,26.04,26.14,1560924
2013-10-15,26.08,26.16,26.05,26.05,1346076
2013-10-16,26.17,26.38,26.15,26.25,2097674
2013-10-17,26.18,26.26,26.05,26.11,2061638
2013-10-18,26.23,26.27,26.13,26.26,1289630
2013-10-21,26.26,26.29,26.15,26.2,1468119
2013-10-22,26.3,26.34,26.12,26.17,1276049
2013-10-23,25.93,25.955,25.74,25.77,1036763
2013-10-24,25.68,25.81,25.66,25.775,1128061
2013-10-25,25.74,25.87,25.72,25.86,1197627
2013-10-28,25.9,26.018,25.85,25.96,1137862
2013-10-29,25.86,25.93,25.8,25.89,2494031
2013-10-30,25.97,25.9999,25.89,25.97,1106111
2013-10-31,25.89,25.93,25.72,25.75,2375984
2013-11-01,25.56,25.56,25.36,25.43,2624026
2013-11-04,25.31,25.4,25.29,25.32,1648450
2013-11-05,25.32,25.34,25.21,25.25,1522889
2013-11-06,25.34,25.4,25.27,25.27,1703044
2013-11-07,25.18,25.24,25.05,25.09,2842877
2013-11-08,25.04,25.27,25.0,25.23,1452984
2013-11-11,25.24,25.37,25.21,25.34,1045411
2013-11-12,25.37,25.37,25.11,25.17,1606556
2013-11-13,25.28,25.32,25.18,25.28,1313669
2013-11-14,25.33,25.49,25.26,25.39,1524506
2013-11-15,25.37,25.41,25.33,25.35,1369440
2013-11-18,25.38,25.38,25.18,25.18,2611077
2013-11-19,25.17,25.2899,25.12,25.14,1426854
2013-11-20,25.11,25.2799,25.11,25.16,1313509
2013-11-21,25.28,25.48,25.21,25.48,2304542
2013-11-22,25.58,25.6,25.4222,25.56,1999080
2013-11-25,25.46,25.608,25.4,25.53,1378242
2013-11-26,25.51,25.57,25.4217,25.52,1754872
2013-11-27,25.53,25.53,25.39,25.52,1040105
2013-11-29,25.36,25.621,25.36,25.51,1029676
2013-12-02,25.43,25.61,25.41,25.48,5001002
2013-12-03,25.49,25.68,25.49,25.63,1399630
2013-12-04,25.63,25.8,25.63,25.68,2137793
2013-12-05,25.66,25.72,25.6,25.65,1673358
2013-12-06,25.74,25.76,25.68,25.74,1050031
2013-12-09,25.79,25.8,25.62,25.65,2038384
2013-12-10,25.81,25.81,25.67,25.73,1973664
2013-12-11,25.68,25.75,25.65,25.73,1965005
2013-12-12,25.66,25.66,25.44,25.49,1840162
2013-12-13,25.44,25.46,25.38,25.39,1585147
2013-12-16,25.46,25.6,25.45,25.47,3035164
2013-12-17,25.42,25.46,25.34,25.35,9614647
2013-12-18,25.42,25.54,25.39,25.4,6495644
2013-12-19,25.39,25.53,25.38,25.46,2614258
2013-12-20,25.63,25.7,25.56,25.66,2716741
2013-12-23,25.72,25.72,25.61,25.66,2961870
2013-12-24,25.71,25.77,25.66,25.74,1252592
2013-12-26,25.2,25.82,25.2,25.78,1759739
2013-12-27,25.17,25.92,25.1607,25.85,1865852
2013-12-30,25.48,25.81,25.48,25.7,3367627
2013-12-31,25.55,25.69,25.54,25.66,2268156
2014-01-02,25.51,25.55,25.28,25.29,2064411
2014-01-03,25.25,25.28,25.11,25.13,1797224
2014-01-06,25.19,25.22,25.12,25.16,1790433
2014-01-07,25.13,25.1801,25.1,25.14,1257211
2014-01-08,25.08,25.1,24.86,24.9,1346777
2014-01-09,24.87,24.88,24.6349,24.7,1185308
2014-01-10,24.76,24.89,24.7101,24.86,3678006
2014-01-13,24.86,24.92,24.83,24.85,2131142
2014-01-14,24.87,24.99,24.77,24.85,1089875
2014-01-15,24.85,25.018,24.81,24.92,1487004
2014-01-16,24.98,25.0,24.88,24.88,2372121
2014-01-17,24.95,25.01,24.9,24.91,1446602
2014-01-21,25.03,25.07,24.935,24.97,1848471
2014-01-22,25.08,25.12,25.01,25.09,1557603
2014-01-23,25.16,25.2299,25.04,25.07,1164520
2014-01-24,25.06,25.13,25.01,25.08,3067448
2014-01-27,25.06,25.1,24.87,24.91,1882691
2014-01-28,25.0,25.07,24.98,25.03,1338026
2014-01-29,24.99,25.06,24.95,25.01,1534426
2014-01-30,25.06,25.07,24.91,24.91,1712220
2014-01-31,24.89,24.98,24.85,24.88,1689648
2014-02-03,24.88,24.95,24.82,24.88,2313983
2014-02-04,24.96,25.08,24.96,25.07,2000020
2014-02-05,25.12,25.15,25.01,25.12,1184542
2014-02-06,25.26,25.3,25.18,25.22,1083731
2014-02-07,25.35,25.53,25.28,25.51,1358385
2014-02-10,25.46,25.52,25.37,25.37,1901557
2014-02-11,25.44,25.52,25.34,25.5,1429562
2014-02-12,25.6,25.69,25.55,25.55,3575343
2014-02-13,25.54,25.69,25.54,25.69,3652865
2014-02-14,25.62,25.82,25.62,25.78,2148890
2014-02-18,25.97,26.18,25.97,26.15,1895350
2014-02-19,26.17,26.29,26.15,26.22,2154764
2014-02-20,26.18,26.27,26.16,26.27,4146542
2014-02-21,26.26,26.26,26.09,26.2,1027522
2014-02-24,26.2,26.34,26.19,26.31,2531457
2014-02-25,26.22,26.26,26.12,26.19,1302058
2014-02-26,26.14,26.2,26.1,26.12,1208865
2014-02-27,26.07,26.1499,26.02,26.04,955592
2014-02-28,25.98,26.13,25.97,26.13,1861128
2014-03-03,26.53,26.59,26.37,26.49,5428205
2014-03-04,26.3,26.4126,26.24,26.39,1283124
2014-03-05,26.4,26.4,26.16,26.17,3417217
2014-03-06,26.18,26.41,26.18,26.41,956859
2014-03-07,26.3,26.34,26.23,26.29,2120640
2014-03-10,26.12,26.17,26.05,26.07,1710335
2014-03-11,26.11,26.16,26.01,26.08,1821267
2014-03-12,25.89,26.05,25.85,26.01,1026842
2014-03-13,25.99,26.0,25.85,25.89,1182056
2014-03-14,25.96,26.06,25.94,26.03,827484
2014-03-17,25.93,25.96,25.74,25.74,1563651
2014-03-18,25.72,25.92,25.72,25.87,1091951
2014-03-19,25.74,25.94,25.714,25.86,1194605
2014-03-20,25.79,25.8899,25.68,25.74,1393262
2014-03-21,25.77,25.9,25.75,25.76,1410758
2014-03-24,25.86,25.9,25.74,25.75,1573952
2014-03-25,25.9,26.02,25.87,25.92,1186338
2014-03-26,25.84,25.98,25.83,25.9,1156548
2014-03-27,26.03,26.18,26.02,26.13,742420
2014-03-28,26.2,26.25,26.14,26.14,1789906
2014-03-31,26.12,26.14,25.94,26.12,1455524
2014-04-01,26.06,26.1,25.79,25.8,1986363
2014-04-02,25.77,25.8,25.69,25.74,664265
2014-04-03,25.79,25.995,25.74,25.95,1289189
2014-04-04,26.09,26.09,26.04,26.07,824727
2014-04-07,26.02,26.12,25.91,26.01,738930
2014-04-08,26.12,26.36,26.08,26.31,790216
2014-04-09,26.34,26.43,26.3,26.38,1411090
2014-04-10,26.39,26.458,26.34,26.39,984899
2014-04-11,26.32,26.4,26.27,26.27,1679088
2014-04-14,26.44,26.55,26.4,26.51,1438509
2014-04-15,26.4,26.56,26.37,26.53,1059665
2014-04-16,26.67,26.72,26.54,26.58,1378284
2014-04-17,26.53,26.66,26.52,26.64,1295807
2014-04-21,26.58,26.58,26.492,26.55,892252
2014-04-22,26.53,26.56,26.4001,26.54,2401809
2014-04-23,26.53,26.571,26.49,26.52,1073201
2014-04-24,26.65,26.71,26.609,26.68,901370
2014-04-25,26.59,26.62,26.54,26.57,660579
2014-04-28,26.6,26.6,26.411,26.48,609330
2014-04-29,26.56,26.6,26.5201,26.55,1083547
2014-04-30,26.39,26.58,26.31,26.41,4399280
2014-05-01,26.2,26.235,26.1101,26.21,1641113
2014-05-02,26.24,26.32,26.19,26.28,1171344
2014-05-05,26.23,26.27,26.18,26.22,4158400
2014-05-06,26.24,26.33,26.22,26.24,1001683
2014-05-07,26.24,26.33,26.14,26.31,933625
2014-05-08,26.2,26.2449,26.14,26.23,3118996
2014-05-09,26.24,26.26,26.06,26.1,602986
2014-05-12,26.18,26.21,26.13,26.16,1328945
2014-05-13,26.24,26.295,26.18,26.28,689917
2014-05-14,26.38,26.4191,26.32,26.4,1297107
2014-05-15,26.33,26.33,26.23,26.24,1049816
2014-05-16,26.25,26.3,26.23,26.27,847489
2014-05-19,26.34,26.39,26.25,26.25,1157680
2014-05-20,26.26,26.36,26.25,26.3,536329
2014-05-21,26.3,26.41,26.265,26.35,802590
2014-05-22,26.46,26.47,26.31,26.37,1131721
2014-05-23,26.4,26.44,26.37,26.43,554000
2014-05-27,26.25,26.32,26.21,26.21,1093324
2014-05-28,26.2,26.28,26.1457,26.22,1164822
2014-05-29,26.28,26.28,26.21,26.23,706997
2014-05-30,26.1,26.15,25.99,26.03,5480756
2014-06-02,25.98,26.02,25.96,26.0,2445923
2014-06-03,25.96,26.0,25.92,25.98,1054715
2014-06-04,26.0,26.0,25.88,25.91,1605326
2014-06-05,25.87,25.97,25.8,25.94,504337
2014-06-06,25.94,26.06,25.89,26.05,625674
2014-06-09,26.12,26.16,26.085,26.16,1569303
2014-06-10,26.13,26.16,25.99,26.09,764428
2014-06-11,26.11,26.12,25.995,26.02,2716465
2014-06-12,26.25,26.41,26.1727,26.39,3854466
2014-06-13,26.42,26.468,26.37,26.39,1044511
2014-06-16,26.44,26.52,26.415,26.47,971960
2014-06-17,26.46,26.56,26.45,26.5,586243
2014-06-18,26.5,26.656,26.5,26.61,960320
2014-06-19,26.75,26.92,26.75,26.87,888600
2014-06-20,26.87,26.93,26.81,26.92,2099521
2014-06-23,26.93,26.94,26.79,26.82,1299977
2014-06-24,26.78,26.8999,26.78,26.86,934741
2014-06-25,26.77,26.9,26.76,26.9,938265
2014-06-26,26.85,26.85,26.732,26.79,1082211
2014-06-27,26.8,26.83,26.712,26.74,723408
2014-06-30,26.68,26.7,26.51,26.58,15876250
2014-07-01,26.5,26.53,26.45,26.5,2226252
2014-07-02,26.45,26.52,26.415,26.45,5938455
2014-07-03,26.43,26.47,26.39,26.4,824797
2014-07-07,26.31,26.32,26.15,26.19,7393701
2014-07-08,26.23,26.23,26.05,26.12,844237
2014-07-09,26.04,26.05,25.9,25.94,8581393
2014-07-10,25.97,26.0243,25.915,25.98,1113265
2014-07-11,25.91,25.91,25.73,25.75,983978
2014-07-14,25.74,25.85,25.69,25.85,1005672
2014-07-15,25.7,25.7,25.56,25.61,1269821
2014-07-16,25.72,25.78,25.65,25.65,1303243
2014-07-17,25.72,25.81,25.583,25.71,650268
2014-07-18,25.67,25.69,25.52,25.54,1745712
2014-07-21,25.56,25.69,25.55,25.66,1493625
2014-07-22,25.74,25.75,25.54,25.55,1652959
2014-07-23,25.57,25.64,25.5301,25.62,581218
2014-07-24,25.7,25.71,25.56,25.59,1146677
2014-07-25,25.55,25.72,25.5,25.69,857156
2014-07-28,25.65,25.71,25.57,25.64,875402
2014-07-29,25.58,25.59,25.45,25.56,1403499
2014-07-30,25.58,25.603,25.43,25.45,1519945
2014-07-31,25.43,25.47,25.3,25.32,1678930
2014-08-01,25.22,25.25,25.1,25.12,1995354
2014-08-04,25.22,25.37,25.19,25.31,2100732
2014-08-05,25.23,25.24,25.12,25.19,1915310
2014-08-06,25.26,25.39,25.24,25.35,1700242
2014-08-07,25.4,25.4251,25.3,25.4,508308
2014-08-08,25.36,25.38,25.23,25.28,631506
2014-08-11,25.31,25.41,25.3001,25.32,535524
2014-08-12,25.25,25.2835,25.12,25.16,1048781
2014-08-13,25.17,25.1934,25.03,25.14,849300
2014-08-14,25.02,25.05,24.8201,24.84,949939
2014-08-15,24.85,24.995,24.76,24.94,1351069
2014-08-18,24.79,24.79,24.7,24.73,2842244
2014-08-19,24.8,24.81,24.712,24.78,792812
2014-08-20,24.87,24.91,24.7643,24.85,677213
2014-08-21,24.81,24.9299,24.79,24.91,727017
2014-08-22,24.9,24.95,24.83,24.87,2264963
2014-08-25,24.91,24.93,24.84,24.91,755416
2014-08-26,24.99,25.01,24.86,24.92,1029094
2014-08-27,24.97,25.01,24.855,24.96,757003
2014-08-28,25.03,25.06,24.9399,24.98,544198
2014-08-29,25.05,25.07,24.98,25.03,1131831
2014-09-02,24.85,24.88,24.64,24.67,3917884
2014-09-03,24.79,24.85,24.68,24.77,882729
2014-09-04,24.81,24.84,24.62,24.67,773966
2014-09-05,24.65,24.71,24.49,24.63,712865
2014-09-08,24.42,24.52,24.4,24.51,578903
2014-09-09,24.39,24.42,24.2764,24.31,1534258
2014-09-10,24.24,24.24,24.07,24.14,1476590
2014-09-11,23.97,24.05,23.86,24.02,1504200
2014-09-12,23.97,23.98,23.83,23.83,1537653
2014-09-15,23.76,23.91,23.75,23.86,1223719
2014-09-16,23.93,24.15,23.9027,24.08,1033760
2014-09-17,24.09,24.09,23.96,23.98,1000302
2014-09-18,23.92,23.96,23.74,23.75,738960
2014-09-19,23.72,23.761,23.61,23.68,672051
2014-09-22,23.56,23.57,23.38,23.48,1027713
2014-09-23,23.48,23.55,23.44,23.48,886942
2014-09-24,23.43,23.615,23.34,23.58,1301092
2014-09-25,23.59,23.59,23.4301,23.53,1280317
2014-09-26,23.5,23.54,23.44,23.49,761494
2014-09-29,23.47,23.67,23.47,23.63,1501031
2014-09-30,23.57,23.59,23.16,23.22,1576473
2014-10-01,23.21,23.3799,23.09,23.14,1442590
2014-10-02,22.93,23.07,22.81,23.05,2061885
2014-10-03,22.92,22.92,22.755,22.83,1647330
2014-10-06,22.9,23.15,22.84,23.12,1849083
2014-10-07,23.02,23.09,22.99,23.03,1556007
2014-10-08,22.92,22.96,22.77,22.94,2886304
2014-10-09,22.86,22.9,22.62,22.67,17027463
2014-10-10,22.62,22.69,22.452,22.59,2911592
2014-10-13,22.51,22.6978,22.47,22.59,1014855
2014-10-14,22.51,22.51,22.21,22.25,1909960
2014-10-15,22.18,22.25,21.92,21.97,2848537
2014-10-16,21.85,22.46,21.81,22.19,2205386
2014-10-17,22.27,22.32,22.17,22.27,2413019
2014-10-20,22.14,22.1833,21.99,22.11,1068874
2014-10-21,22.23,22.31,22.16,22.29,1461578
2014-10-22,22.38,22.4,22.04,22.04,1798949
2014-10-23,22.17,22.325,22.15,22.3,3368700
2014-10-24,22.25,22.25,22.09,22.16,1545079
2014-10-27,21.93,22.15,21.89,22.1,2168101
2014-10-28,22.2,22.3001,22.125,22.28,1374744
2014-10-29,22.49,22.64,22.45,22.54,1274764
2014-10-30,22.38,22.48,22.3201,22.35,1232234
2014-10-31,22.11,22.3265,22.061,22.32,1901040
2014-11-03,22.25,22.3735,22.08,22.12,1322725
2014-11-04,21.87,21.89,21.74,21.8,1779935
2014-11-05,21.63,21.96,21.63,21.86,1581225
2014-11-06,21.77,21.905,21.7,21.88,1295587
2014-11-07,21.92,22.04,21.915,21.98,1201318
2014-11-10,22.06,22.12,21.74,21.77,1854851
2014-11-11,21.72,21.9499,21.675,21.88,1082775
2014-11-12,21.87,21.987,21.7866,21.81,1988569
2014-11-13,21.7,21.73,21.33,21.41,1345245
2014-11-14,21.41,21.66,21.4,21.64,2859684
2014-11-17,21.47,21.5999,21.43,21.55,1517744
2014-11-18,21.48,21.52,21.38,21.44,1472982
2014-11-19,21.54,21.54,21.32,21.33,1161893
2014-11-20,21.44,21.55,21.41,21.51,1539334
2014-11-21,21.7,21.79,21.591,21.74,8061486
2014-11-24,21.62,21.72,21.54,21.55,2956750
2014-11-25,21.67,21.7201,21.43,21.45,2468327
2014-11-26,21.41,21.525,21.4,21.4,2360351
2014-11-28,20.74,20.7699,20.37,20.42,903146
2014-12-01,20.35,20.85,20.33,20.84,3661625
2014-12-02,20.58,20.81,20.32,20.4,3058419
2014-12-03,20.29,20.4201,20.2,20.28,3379797
2014-12-04,20.17,20.29,20.141,20.22,2101889
2014-12-05,20.13,20.255,20.03,20.17,2047423
2014-12-08,20.0,20.02,19.795,19.82,3357216
2014-12-09,19.79,20.0,19.78,19.96,2689033
2014-12-10,19.76,19.8,19.49,19.65,5415943
2014-12-11,19.48,19.6855,19.47,19.47,3634717
2014-12-12,19.44,19.47,19.291,19.31,3346054
2014-12-15,19.35,19.38,18.99,19.0,6392963
2014-12-16,18.8,19.07,18.77,18.89,4297594
2014-12-17,18.85,19.31,18.79,19.0,7656491
2014-12-18,19.27,19.31,18.865,18.94,4960151
2014-12-19,19.02,19.28,18.94,19.22,3617523
2014-12-22,19.05,19.05,18.84,18.87,5826748
2014-12-23,18.86,19.13,18.86,19.06,5627203
2014-12-24,18.89,18.92,18.76,18.81,2069586
2014-12-26,18.87,18.89,18.7228,18.79,2913105
2014-12-29,18.89,18.94,18.505,18.61,4566265
2014-12-30,18.58,18.7147,18.55,18.59,4735769
2014-12-31,18.39,18.5,18.22,18.45,21526492
2015-01-02,18.27,18.38,18.175,18.23,1967294
2015-01-05,18.15,18.15,17.945,17.97,1827461
2015-01-06,17.95,18.03,17.75,17.8,1843060
2015-01-07,17.78,17.8632,17.6001,17.69,1868404
2015-01-08,17.66,17.76,17.58,17.76,1409351
2015-01-09,17.71,17.78,17.5444,17.73,3463555
2015-01-12,17.51,17.51,17.33,17.34,4567392
2015-01-13,17.28,17.3,17.07,17.27,2898573
2015-01-14,17.15,17.52,17.06,17.46,2774281
2015-01-15,17.6,17.63,17.21,17.22,1827752
2015-01-16,17.35,17.5944,17.32,17.55,1726216
2015-01-20,17.31,17.3876,17.21,17.31,2409030
2015-01-21,17.42,17.5,17.345,17.42,2282249
2015-01-22,17.51,17.53,17.315,17.4,3736663
2015-01-23,17.3,17.4,17.25,17.29,1889052
2015-01-26,17.28,17.395,17.23,17.23,1718333
2015-01-27,17.21,17.4,17.19,17.32,3261661
2015-01-28,17.21,17.2789,17.06,17.07,3647794
2015-01-29,17.09,17.09,16.84,16.99,2221661
2015-01-30,16.95,17.49,16.93,17.4,3535320
2015-02-02,17.57,17.67,17.4,17.64,2878421
2015-02-03,17.91,18.385,17.86,18.13,5713105
2015-02-04,18.03,18.03,17.6152,17.73,4597875
2015-02-05,17.75,18.0758,17.75,17.97,2395461
2015-02-06,18.02,18.12,17.9201,18.02,2735081
2015-02-09,18.14,18.3,18.085,18.2,2060712
2015-02-10,18.18,18.19,17.88,17.97,1172491
2015-02-11,17.85,17.899,17.65,17.83,3233401
2015-02-12,18.0,18.15,17.9251,18.1,11000201
2015-02-13,18.29,18.37,18.24,18.3,2173808
2015-02-17,18.23,18.41,18.075,18.31,1631714
2015-02-18,18.24,18.3,18.05,18.09,2454494
2015-02-19,17.85,18.12,17.81,18.03,1131782
2015-02-20,18.09,18.104,17.929,17.96,1674645
2015-02-23,17.86,17.991,17.79,17.84,1583806
2015-02-24,17.94,18.07,17.84,17.85,1183066
2015-02-25,17.95,18.13,17.91,18.12,1861529
2015-02-26,18.06,18.11,17.88,17.97,952427
2015-02-27,18.1,18.24,18.0301,18.17,964103
2015-03-02,18.07,18.1151,17.85,17.91,1449380
2015-03-03,17.98,18.06,17.928,18.02,1588336
2015-03-04,17.93,17.95,17.775,17.86,1476945
2015-03-05,17.9,17.94,17.74,17.79,1244011
2015-03-06,17.72,17.73,17.53,17.57,7454737
2015-03-09,17.61,17.67,17.49,17.52,1280703
2015-03-10,17.3,17.35,17.21,17.29,1580756
2015-03-11,17.32,17.4,17.2,17.38,1390622
2015-03-12,17.49,17.5,17.2399,17.3,1146164
2015-03-13,17.23,17.23,16.95,16.95,1924610
2015-03-16,16.9,16.96,16.72,16.93,1888401
2015-03-17,16.81,16.87,16.75,16.81,1370476
2015-03-18,16.74,17.28,16.71,17.27,2163162
2015-03-19,16.98,17.06,16.9,16.98,1165454
2015-03-20,17.12,17.28,17.11,17.21,1457355
2015-03-23,17.28,17.44,17.26,17.41,1469001
2015-03-24,17.34,17.35,17.25,17.27,1512725
2015-03-25,17.34,17.44,17.24,17.32,1540138
2015-03-26,17.54,17.6,17.45,17.53,1678651
2015-03-27,17.41,17.43,17.18,17.18,675433
2015-03-30,17.22,17.3265,17.1544,17.27,993245
2015-03-31,17.13,17.27,17.06,17.07,2302386
2015-04-01,17.13,17.48,17.085,17.38,1893159
2015-04-02,17.25,17.35,17.18,17.29,1256816
2015-04-06,17.45,17.6,17.35,17.51,1377799
2015-04-07,17.51,17.66,17.4332,17.6,1274083
2015-04-08,17.55,17.56,17.194,17.26,904022
2015-04-09,17.28,17.39,17.21,17.26,1321401
2015-04-10,17.39,17.47,17.365,17.44,804217
2015-04-13,17.48,17.51,17.315,17.36,1210324
2015-04-14,17.42,17.53,17.38,17.44,1302477
2015-04-15,17.55,17.88,17.51,17.79,5697874
2015-04-16,17.83,18.07,17.7925,17.98,1718200
2015-04-17,17.97,18.05,17.874,17.94,1226503
2015-04-20,17.81,17.93,17.78,17.86,1002802
2015-04-21,17.78,17.84,17.69,17.73,1305449
2015-04-22,17.78,17.83,17.71,17.79,762762
2015-04-23,17.86,18.09,17.85,18.01,1057849
2015-04-24,17.99,18.02,17.92,18.0,700567
2015-04-27,18.01,18.07,17.9601,18.0,833549
2015-04-28,18.02,18.1099,17.98,18.03,815535
2015-04-29,18.04,18.2464,18.015,18.15,1774027
2015-04-30,18.16,18.29,18.0949,18.29,1166456
2015-05-01,18.19,18.27,18.1134,18.27,2015361
2015-05-04,18.2,18.26,18.17,18.26,2095204
2015-05-05,18.42,18.49,18.4,18.41,1615291
2015-05-06,18.41,18.68,18.39,18.41,2812448
2015-05-07,18.4,18.4,18.09,18.12,1007460
2015-05-08,18.11,18.26,18.02,18.22,1711561
2015-05-11,18.22,18.24,18.05,18.14,1494339
2015-05-12,18.2,18.44,18.19,18.33,1241232
2015-05-13,18.49,18.5,18.34,18.35,1246938
2015-05-14,18.46,18.5,18.36,18.46,2321908
2015-05-15,18.31,18.46,18.254,18.45,2034862
2015-05-18,18.4,18.43,18.33,18.4,1773477
2015-05-19,18.21,18.21,17.95,18.01,1463252
2015-05-20,18.02,18.05,17.9501,17.97,2551101
2015-05-21,18.1,18.25,18.1,18.19,974766
2015-05-22,18.04,18.07,17.96,17.99,1452212
2015-05-26,17.78,17.81,17.58,17.64,1366939
2015-05-27,17.49,17.5599,17.372,17.4,1392367
2015-05-28,17.38,17.5,17.3,17.49,3380418
2015-05-29,17.48,17.749,17.46,17.71,1347675
2015-06-01,17.68,17.755,17.6,17.67,2012975
2015-06-02,17.78,17.9,17.7201,17.88,1085513
2015-06-03,17.8,17.86,17.6242,17.65,1091185
2015-06-04,17.55,17.56,17.424,17.49,1296652
2015-06-05,17.32,17.58,17.28,17.57,1161407
2015-06-08,17.55,17.61,17.52,17.58,1448986
2015-06-09,17.84,17.92,17.81,17.86,1221809
2015-06-10,18.05,18.08,17.895,17.93,1223425
2015-06-11,17.88,17.88,17.73,17.77,719085
2015-06-12,17.7,17.74,17.58,17.59,3527765
2015-06-15,17.47,17.5599,17.46,17.51,1343849
2015-06-16,17.51,17.59,17.46,17.56,577092
2015-06-17,17.75,17.8,17.45,17.61,693925
2015-06-18,17.66,17.69,17.59,17.61,1668471
2015-06-19,17.42,17.49,17.36,17.45,1648645
2015-06-22,17.39,17.55,17.34,17.51,1015161
2015-06-23,17.48,17.73,17.47,17.72,630542
2015-06-24,17.66,17.76,17.565,17.6,2268051
2015-06-25,17.56,17.65,17.52,17.62,887301
2015-06-26,17.69,17.76,17.59,17.7,550667
2015-06-29,17.64,17.72,17.6,17.62,2299117
2015-06-30,17.67,18.05,17.65,18.0,1582618
2015-07-01,17.86,17.89,17.71,17.78,3885364
2015-07-02,17.8,17.9399,17.735,17.75,1855030
2015-07-06,17.32,17.37,17.14,17.17,2304875
2015-07-07,17.06,17.1,16.72,17.07,4409526
2015-07-08,17.03,17.1199,16.9,16.99,4364007
2015-07-09,17.2,17.29,17.11,17.19,2278443
2015-07-10,17.23,17.355,17.16,17.27,1117924
2015-07-13,17.24,17.37,17.11,17.28,2425456
2015-07-14,17.17,17.29,17.14,17.22,867168
2015-07-15,17.11,17.1501,17.0,17.02,914516
2015-07-16,17.07,17.2,16.93,16.94,822375
2015-07-17,16.91,16.91,16.75,16.85,938200
2015-07-20,16.67,16.73,16.58,16.58,2006164
2015-07-21,16.63,16.75,16.6,16.65,1044558
2015-07-22,16.51,16.58,16.41,16.41,2034141
2015-07-23,16.47,16.5,16.27,16.27,6627699
2015-07-24,16.2,16.23,16.0648,16.14,1264790
2015-07-27,15.95,16.01,15.82,15.83,2407206
2015-07-28,15.92,16.059,15.88,15.96,2157397
2015-07-29,15.93,16.1,15.92,16.01,1239665
2015-07-30,16.0,16.073,15.92,15.95,997517
2015-07-31,16.02,16.02,15.72,15.73,1807464
2015-08-03,15.55,15.65,15.44,15.47,2939046
2015-08-04,15.57,15.62,15.5,15.56,2741323
2015-08-05,15.6,15.6651,15.432,15.5,1415233
2015-08-06,15.43,15.49,15.39,15.49,1767144
2015-08-07,15.43,15.495,15.41,15.43,1940404
2015-08-10,15.5,15.82,15.485,15.76,2061632
2015-08-11,15.57,15.5751,15.4401,15.55,1092352
2015-08-12,15.62,15.695,15.39,15.5,1831901
2015-08-13,15.44,15.45,15.36,15.43,1304423
2015-08-14,15.39,15.47,15.33,15.33,876075
2015-08-17,15.37,15.4,15.27,15.27,1824407
2015-08-18,15.17,15.24,15.11,15.19,1641335
2015-08-19,15.21,15.25,14.97,15.02,1718482
2015-08-20,15.16,15.18,15.02,15.06,4386192
2015-08-21,14.96,14.9668,14.77,14.81,2750650
2015-08-24,14.41,14.64,14.35,14.44,3776878
2015-08-25,14.68,14.71,14.47,14.5,3132688
2015-08-26,14.46,14.49,14.33,14.41,2180666
2015-08-27,14.6,14.96,14.55,14.93,2094792
2015-08-28,15.0,15.43,14.99,15.32,6212793
2015-08-31,15.15,15.79,15.0,15.69,2227624
2015-09-01,15.49,15.525,15.1446,15.17,2494205
2015-09-02,15.36,15.37,14.98,15.3,3646344
2015-09-03,15.33,15.58,15.295,15.4,1687834
2015-09-04,15.31,15.36,15.1901,15.21,837725
2015-09-08,15.25,15.36,15.11,15.32,1278573
2015-09-09,15.34,15.355,15.08,15.12,1918581
2015-09-10,15.13,15.3,15.1001,15.25,2398227
2015-09-11,15.12,15.3,14.99,15.23,1160175
2015-09-14,15.12,15.159,15.03,15.04,803955
2015-09-15,15.05,15.1,14.995,15.09,649245
2015-09-16,15.2,15.4,15.19,15.34,1767008
2015-09-17,15.28,15.319,15.135,15.24,1326677
2015-09-18,15.12,15.15,14.93,15.01,1213718
2015-09-21,15.07,15.19,15.05,15.18,883555
2015-09-22,14.97,15.11,14.92,15.09,1021441
2015-09-23,15.19,15.29,14.96,14.97,1423666
2015-09-24,14.92,15.09,14.915,15.06,1711256
2015-09-25,15.11,15.2,15.0499,15.15,1286655
2015-09-28,15.0,15.05,14.9,14.94,1424195
2015-09-29,14.97,15.09,14.9501,15.04,1407473
2015-09-30,15.07,15.1937,15.05,15.15,1466331
2015-10-01,15.32,15.37,15.015,15.05,2237871
2015-10-02,14.92,15.17,14.91,15.15,4613605
2015-10-05,15.31,15.36,15.28,15.35,1696136
2015-10-06,15.43,15.68,15.43,15.65,1805724
2015-10-07,15.79,15.82,15.55,15.62,1087664
2015-10-08,15.57,15.73,15.539,15.69,1294136
2015-10-09,15.8,15.86,15.69,15.76,2042909
2015-10-12,15.79,15.8,15.46,15.51,1072758
2015-10-13,15.39,15.55,15.3701,15.41,1571304
2015-10-14,15.44,15.48,15.34,15.45,1495321
2015-10-15,15.36,15.435,15.25,15.41,1624403
2015-10-16,15.45,15.47,15.28,15.42,1383386
2015-10-19,15.23,15.249,15.11,15.14,1160400
2015-10-20,15.105,15.214,15.08,15.17,1591223
2015-10-21,15.06,15.11,14.96,15.04,2500879
2015-10-22,15.15,15.21,15.04,15.09,1326864
2015-10-23,15.02,15.06,14.95,15.0,1363376
2015-10-26,14.99,15.0351,14.95,14.96,1226475
2015-10-27,14.89,14.95,14.86,14.89,1547054
2015-10-28,14.93,15.24,14.93,15.14,1690708
2015-10-29,15.08,15.1801,15.04,15.05,1501309
2015-10-30,15.08,15.26,15.05,15.2,1446457
2015-11-02,15.1,15.18,15.07,15.12,2485489
2015-11-03,15.22,15.44,15.2,15.39,1988739
2015-11-04,15.38,15.44,15.11,15.13,1556920
2015-11-05,15.04,15.1,14.96,15.01,2661723
2015-11-06,14.91,14.96,14.84,14.92,786289
2015-11-09,14.9,14.92,14.75,14.79,2315496
2015-11-10,14.76,14.845,14.7,14.76,1055975
2015-11-11,14.82,14.83,14.57,14.61,1133860
2015-11-12,14.44,14.55,14.38,14.4,1817348
2015-11-13,14.39,14.39,14.25,14.29,1517353
2015-11-16,14.23,14.37,14.12,14.36,1107774
2015-11-17,14.25,14.2799,14.14,14.14,1094820
2015-11-18,14.22,14.24,14.05,14.2,1851031
2015-11-19,14.19,14.2699,14.1825,14.2,2045773
2015-11-20,14.25,14.36,14.18,14.18,2169472
2015-11-23,14.16,14.3699,14.16,14.29,3993559
2015-11-24,14.49,14.59,14.29,14.52,1308999
2015-11-25,14.4,14.5261,14.315,14.5,1427294
2015-11-27,14.35,14.4,14.23,14.28,1606839
2015-11-30,14.32,14.4,14.18,14.19,2975400
2015-12-01,14.3,14.41,14.25,14.35,2226174
2015-12-02,14.17,14.294,14.02,14.05,2108818
2015-12-03,14.11,14.35,14.06,14.21,2703411
2015-12-04,14.15,14.265,14.11,14.19,2145027
2015-12-07,14.0,14.04,13.76,13.78,2197030
2015-12-08,13.67,13.834,13.65,13.71,3011136
2015-12-09,13.78,13.92,13.62,13.72,2688049
2015-12-10,13.68,13.7718,13.665,13.67,2076633
2015-12-11,13.64,13.708,13.49,13.53,4237899
2015-12-14,13.4,13.55,13.36,13.44,2631700
2015-12-15,13.48,13.6,13.41,13.41,2862829
2015-12-16,13.36,13.42,13.275,13.35,3436926
2015-12-17,13.29,13.3,13.18,13.21,8948480
2015-12-18,13.26,13.4435,13.26,13.27,2764153
2015-12-21,13.2,13.2999,13.16,13.21,4462255
2015-12-22,13.22,13.26,13.1299,13.15,3484305
2015-12-23,13.26,13.42,13.25,13.39,5518153
2015-12-24,13.45,13.47,13.39,13.39,1391689
2015-12-28,13.25,13.3,13.1779,13.2,2958906
2015-12-29,13.38,13.46,13.37,13.42,5314700
2015-12-30,13.31,13.34,13.24,13.29,3190170
2015-12-31,13.22,13.49,13.22,13.36,2373178
2016-01-04,13.42,13.51,13.1878,13.26,2307559
2016-01-05,13.22,13.25,13.13,13.13,1210003
2016-01-06,12.96,13.06,12.88,12.92,2668634
2016-01-07,12.79,12.984,12.76,12.86,10692460
2016-01-08,12.87,12.88,12.76,12.8,2809649
2016-01-11,12.73,12.92,12.44,12.45,2629099
2016-01-12,12.51,12.54,12.26,12.37,2398288
2016-01-13,12.41,12.47,12.24,12.3,2554217
2016-01-14,12.26,12.36,12.21,12.33,1813099
2016-01-15,12.13,12.19,12.03,12.065,1963468
2016-01-19,12.09,12.1163,11.95,11.97,3776801
2016-01-20,11.85,11.91,11.7,11.88,2239187
2016-01-21,11.79,12.11,11.7801,12.04,2564094
2016-01-22,12.31,12.41,12.2531,12.4,1994486
2016-01-25,12.28,12.37,12.12,12.13,1983060
2016-01-26,12.25,12.53,12.24,12.37,2018593
2016-01-27,12.37,12.61,12.29,12.52,1485174
2016-01-28,12.72,12.77,12.55,12.66,1943231
2016-01-29,12.71,12.82,12.61,12.78,2920583
2016-02-01,12.63,12.66,12.502,12.54,1724621
2016-02-02,12.3,12.4,12.23,12.32,5602483
2016-02-03,12.48,12.64,12.311,12.63,3106627
2016-02-04,12.73,12.79,12.56,12.61,2606409
2016-02-05,12.58,12.63,12.48,12.53,1709196
2016-02-08,12.59,12.615,12.46,12.47,1685762
2016-02-09,12.37,12.425,12.1,12.15,2762879
2016-02-10,12.14,12.28,12.1049,12.17,3157085
2016-02-11,12.18,12.34,12.15,12.32,1966679
2016-02-12,12.38,12.57,12.34,12.5,3251397
2016-02-16,12.55,12.55,12.32,12.36,3558856
2016-02-17,12.41,12.67,12.39,12.62,1704303
2016-02-18,12.7,12.71,12.52,12.55,2005534
2016-02-19,12.47,12.48,12.38,12.44,835454
2016-02-22,12.57,12.65,12.57,12.63,719034
2016-02-23,12.58,12.58,12.4,12.46,1496750
2016-02-24,12.37,12.665,12.36,12.62,2438942
2016-02-25,12.57,12.7,12.445,12.61,3589434
2016-02-26,12.78,12.81,12.55,12.59,1686545
2016-02-29,12.66,12.76,12.62,12.75,1813965
2016-03-01,12.74,12.8,12.645,12.76,2144553
2016-03-02,12.73,12.87,12.7,12.83,4519730
2016-03-03,12.79,12.9199,12.76,12.9,1597034
2016-03-04,12.96,13.16,12.94,13.15,2063861
2016-03-07,13.2,13.43,13.17,13.39,2785536
2016-03-08,13.39,13.39,13.21,13.21,2116596
2016-03-09,13.3,13.43,13.27,13.41,2552678
2016-03-10,13.33,13.43,13.285,13.39,2836660
2016-03-11,13.5,13.53,13.4,13.44,1010876
2016-03-14,13.34,13.35,13.23,13.32,1062867
2016-03-15,13.25,13.25,13.13,13.21,1619163
2016-03-16,13.24,13.45,13.24,13.44,2430959
2016-03-17,13.52,13.62,13.48,13.59,1000439
2016-03-18,13.63,13.68,13.525,13.58,1791070
2016-03-21,13.57,13.64,13.51,13.62,9810500
2016-03-22,13.61,13.73,13.59,13.72,1498785
2016-03-23,13.53,13.56,13.41,13.43,3167112
2016-03-24,13.24,13.41,13.23,13.35,1838669
2016-03-28,13.35,13.3999,13.301,13.39,1000269
2016-03-29,13.26,13.37,13.21,13.36,2303626
2016-03-30,13.45,13.51,13.3,13.31,1336090
2016-03-31,13.3,13.41,13.27,13.29,3581737
2016-04-01,13.07,13.13,13.02,13.06,1170772
2016-04-04,13.0,13.08,12.86,12.88,4662333
2016-04-05,12.86,12.87,12.78,12.85,1832986
2016-04-06,12.86,13.04,12.82,12.99,4849547
2016-04-07,12.96,12.99,12.855,12.95,1046189
2016-04-08,13.18,13.3,13.14,13.26,1298817
2016-04-11,13.29,13.39,13.29,13.36,1763810
2016-04-12,13.49,13.7,13.46,13.65,2560067
2016-04-13,13.68,13.77,13.645,13.72,1907918
2016-04-14,13.71,13.7243,13.59,13.61,1084591
2016-04-15,13.49,13.6099,13.41,13.56,879415
2016-04-18,13.41,13.675,13.375,13.62,1204652
2016-04-19,13.76,13.94,13.74,13.91,2226968
2016-04-20,13.85,14.24,13.823,14.18,2408153
2016-04-21,14.26,14.26,14.04,14.12,2701963
2016-04-22,14.15,14.27,14.025,14.06,2134911
2016-04-25,14.08,14.15,14.01,14.05,1574188
2016-04-26,14.11,14.25,14.07,14.23,1528322
2016-04-27,14.32,14.39,14.13,14.36,1682622
2016-04-28,14.37,14.51,14.345,14.44,1944179
2016-04-29,14.6,14.63,14.475,14.58,8719280
2016-05-02,14.52,14.52,14.35,14.38,6749044
2016-05-03,14.29,14.2958,14.09,14.16,2723550
2016-05-04,14.24,14.32,14.06,14.17,2021196
2016-05-05,14.34,14.34,13.96,14.03,1184157
2016-05-06,14.0,14.24,13.97,14.12,6854168
2016-05-09,13.96,13.99,13.8,13.81,2163340
2016-05-10,13.92,14.18,13.92,14.15,1420899
2016-05-11,14.21,14.5,14.16,14.48,1851090
2016-05-12,14.53,14.53,14.32,14.5,1270674
2016-05-13,14.41,14.51,14.38,14.48,1550842
2016-05-16,14.62,14.69,14.58,14.64,3273513
2016-05-17,14.63,14.77,14.6167,14.75,1425240
2016-05-18,14.65,14.82,14.62,14.64,1987253
2016-05-19,14.49,14.6199,14.3999,14.6,5004334
2016-05-20,14.68,14.74,14.57,14.66,3424840
2016-05-23,14.49,14.61,14.48,14.58,1290225
2016-05-24,14.53,14.69,14.53,14.58,964187
2016-05-25,14.62,14.76,14.6,14.75,1638538
2016-05-26,14.83,14.85,14.67,14.74,1422519
2016-05-27,14.71,14.8299,14.67,14.8,1472520
2016-05-31,14.81,14.89,14.7,14.71,10014960
2016-06-01,14.6,14.86,14.58,14.86,3179177
2016-06-02,14.79,14.99,14.76,14.89,6854413
2016-06-03,15.01,15.02,14.91,14.99,2211324
2016-06-06,15.14,15.2,15.0899,15.17,2936937
2016-06-07,15.19,15.32,15.18,15.32,1394192
2016-06-08,15.5,15.59,15.471,15.58,2748203
2016-06-09,15.44,15.57,15.42,15.55,3062151
2016-06-10,15.43,15.4768,15.34,15.36,2965654
2016-06-13,15.35,15.46,15.32,15.36,1594553
2016-06-14,15.25,15.31,15.18,15.26,1276513
2016-06-15,15.24,15.32,15.14,15.18,1829775
2016-06-16,15.15,15.15,14.89,14.92,1836490
2016-06-17,15.14,15.29,15.1101,15.27,2476254
2016-06-20,15.32,15.46,15.29,15.41,1654100
2016-06-21,15.28,15.33,15.195,15.29,1550514
2016-06-22,15.36,15.4,15.144,15.2,2251125
2016-06-23,15.25,15.33,15.17,15.32,1561522
2016-06-24,14.93,15.06,14.93,15.01,1582991
2016-06-27,15.0,15.0,14.85,14.98,2276948
2016-06-28,15.19,15.2201,15.07,15.22,1645774
2016-06-29,15.32,15.52,15.28,15.44,1671011
2016-06-30,15.36,15.44,15.26,15.35,2216115
2016-07-01,15.36,15.55,15.33,15.54,3913561
2016-07-05,15.55,15.55,15.0,15.1,4526763
2016-07-06,14.94,15.1701,14.9,15.16,2535348
2016-07-07,15.25,15.27,14.69,14.73,3347877
2016-07-08,14.82,14.9,14.765,14.88,1516755
2016-07-11,14.99,15.0,14.82,14.82,1756835
2016-07-12,15.04,15.14,14.9401,15.1,1414892
2016-07-13,15.13,15.2,14.85,14.91,2742579
2016-07-14,15.03,15.06,14.9441,14.97,1644964
2016-07-15,14.97,15.03,14.91,14.93,1406839
2016-07-18,14.8,14.89,14.75,14.86,1465052
2016-07-19,14.84,14.855,14.7501,14.77,854286
2016-07-20,14.61,14.7684,14.58,14.67,1813094
2016-07-21,14.72,14.73,14.59,14.59,1309034
2016-07-22,14.55,14.58,14.45,14.56,1728287
2016-07-25,14.46,14.47,14.38,14.4,1248359
2016-07-26,14.37,14.41,14.32,14.34,1451602
2016-07-27,14.36,14.419,14.15,14.2,2628932
2016-07-28,14.22,14.25,14.1301,14.16,1234980
2016-07-29,14.14,14.31,14.1,14.28,3017350
2016-08-01,14.16,14.19,14.0036,14.03,4540620
2016-08-02,14.18,14.23,13.96,14.01,3700342
2016-08-03,14.04,14.24,13.98,14.24,2559565
2016-08-04,14.14,14.355,14.09,14.3,1414638
2016-08-05,14.3,14.36,14.23,14.36,2201449
2016-08-08,14.45,14.52,14.43,14.44,2999929
2016-08-09,14.49,14.545,14.385,14.4,1660337
2016-08-10,14.48,14.55,14.23,14.23,2213194
2016-08-11,14.32,14.54,14.29,14.45,1959253
2016-08-12,14.49,14.59,14.46,14.56,1653703
2016-08-15,14.65,14.81,14.64,14.8,1281782
2016-08-16,14.82,14.94,14.765,14.92,3543353
2016-08-17,14.91,15.0,14.815,14.98,2806820
2016-08-18,15.05,15.2,15.0399,15.17,1961535
2016-08-19,15.11,15.15,15.04,15.12,1215368
2016-08-22,14.99,15.04,14.944,14.98,931685
2016-08-23,14.89,15.09,14.865,15.04,934033
2016-08-24,14.97,15.01,14.815,14.86,1471723
2016-08-25,14.88,14.925,14.84,14.92,694634
2016-08-26,14.91,15.0899,14.82,14.87,808527
2016-08-29,14.82,14.84,14.78,14.81,841680
2016-08-30,14.79,14.82,14.6373,14.67,1382281
2016-08-31,14.55,14.6,14.35,14.39,13259509
2016-09-01,14.3,14.33,14.18,14.23,2226954
2016-09-02,14.38,14.44,14.35,14.39,3184424
2016-09-06,14.37,14.51,14.325,14.49,1680225
2016-09-07,14.59,14.63,14.5,14.62,1148473
2016-09-08,14.71,14.925,14.64,14.88,2248198
2016-09-09,14.76,14.78,14.625,14.65,2073164
2016-09-12,14.52,14.72,14.49,14.65,2022187
2016-09-13,14.57,14.63,14.44,14.46,1215538
2016-09-14,14.39,14.51,14.335,14.35,1505157
2016-09-15,14.39,14.49,14.33,14.42,1056152
2016-09-16,14.33,14.46,14.33,14.44,977827
2016-09-19,14.48,14.575,14.43,14.43,2235422
2016-09-20,14.37,14.55,14.36,14.48,1666737
2016-09-21,14.6,14.67,14.55,14.66,1457681
2016-09-22,14.8,14.8263,14.7143,14.74,950566
2016-09-23,14.74,14.789,14.52,14.57,1551808
2016-09-26,14.65,14.79,14.63,14.67,1043909
2016-09-27,14.52,14.6,14.47,14.53,1133976
2016-09-28,14.6,14.94,14.52,14.87,2413802
2016-09-29,14.9,15.04,14.87,14.96,1276937
2016-09-30,15.01,15.04,14.95,15.01,1924025
2016-10-03,15.03,15.165,14.9401,15.14,4734534
2016-10-04,15.17,15.18,15.08,15.1,1430624
2016-10-05,15.22,15.24,15.12,15.19,4075497
2016-10-06,15.2,15.23,15.14,15.22,1460074
2016-10-07,15.26,15.29,15.12,15.18,1358428
2016-10-10,15.3,15.41,15.27,15.35,1547945
2016-10-11,15.32,15.335,15.2,15.26,2989772
2016-10-12,15.18,15.22,15.135,15.15,3655832
2016-10-13,15.13,15.28,15.07,15.25,1197727
2016-10-14,15.25,15.2838,15.21,15.26,1170069
2016-10-17,15.25,15.28,15.155,15.28,2010522
2016-10-18,15.35,15.36,15.25,15.31,786539
2016-10-19,15.33,15.45,15.33,15.41,2279542
2016-10-20,15.26,15.312,15.193,15.27,1212886
2016-10-21,15.25,15.33,15.21,15.33,1034084
2016-10-24,15.33,15.35,15.19,15.34,1957219
2016-10-25,15.33,15.37,15.26,15.27,1372440
2016-10-26,15.16,15.27,15.1337,15.17,1892225
2016-10-27,15.25,15.3,15.1835,15.26,1052448
2016-10-28,15.2,15.28,15.125,15.16,1447797
2016-10-31,15.1,15.1239,14.94,14.96,3300305
2016-11-01,15.17,15.18,14.961,15.03,4391042
2016-11-02,14.91,14.94,14.3,14.85,3264598
2016-11-03,14.85,14.895,14.755,14.8,1884970
2016-11-04,14.67,14.7742,14.62,14.7,1725065
2016-11-07,14.75,14.77,14.64,14.76,8293239
2016-11-08,14.65,14.82,14.65,14.74,1254181
2016-11-09,14.79,14.88,14.68,14.81,3111208
2016-11-10,14.74,14.78,14.68,14.69,1535089
2016-11-11,14.58,14.63,14.4,14.41,1701755
2016-11-14,14.4,14.42,14.27,14.38,3068360
2016-11-15,14.49,14.715,14.49,14.7,4373257
2016-11-16,14.63,14.67,14.51,14.52,2186012
2016-11-17,14.66,14.7,14.53,14.55,1104125
2016-11-18,14.63,14.67,14.52,14.67,1603766
2016-11-21,14.89,15.08,14.89,15.08,10376262
2016-11-22,15.1,15.16,14.97,15.06,2566423
2016-11-23,15.0,15.15,14.98,15.12,1863659
